{"_step": 0, "_timestamp": 1599636558.1192431, "_runtime": 5.129914045333862, "Learning Rate (Depth & EOT)": 0.001}
