{"_timestamp": 1599639414.8872814, "_runtime": 4.372981548309326, "Learning Rate (Discriminator)": 0.001, "_step": 1, "Learning Rate (Generator)": 0.001}
