{"_step": 1, "_runtime": 5.104274749755859, "_timestamp": 1599639031.6862023, "Learning Rate (Discriminator)": 0.001, "Learning Rate (Generator)": 0.001}
