{"Learning Rate (Depth & EOT)": 0.001, "_step": 0, "_runtime": 4.6466310024261475, "_timestamp": 1599585111.979872}
