{"Learning Rate (Depth & EOT)": 0.001, "_step": 0, "_timestamp": 1599637755.3446438, "_runtime": 5.100943088531494}
