{"_timestamp": 1600236969.4692223, "_step": 0, "Learning Rate (Depth & flag)": 0.01, "_runtime": 5.121534585952759}
