{"_step": 0, "Learning Rate": 0.01, "_runtime": 3.992642879486084, "_timestamp": 1604306799.0914197}
