{"_step": 0, "_timestamp": 1603285502.2188787, "_runtime": 3.1131463050842285, "Learning Rate": 0.01}
