{"_timestamp": 1600929464.3006644, "_runtime": 136.64966416358948, "Learning Rate (Depth & EOT)": 0.01, "_step": 192, "Train F1-score": 0.635118306351183, "Train Precision": 0.46617915904936014, "Train-#N accepted trajectory(Perfect EOT without FN, FP)": 10, "Train Recall": 0.99609375, "graph_0": {"_type": "graph-file", "path": "media/graph/graph_0_summary_b68b7a98.graph.json", "sha256": "b68b7a98eca1bfac3031eed60615f33e3bc7205b34c6d1c7914471460cea06e8", "size": 3774}, "Validation-#N accepted trajectory(Perfect EOT without FN, FP)": 15, "Validation Precision": 0.412568306010929, "Validation F1-score": 0.5841392649903289, "Validation Recall": 1.0, "Train Loss": 99.69053649902344, "Validation Loss": 124.36431884765625, "Epoch Train Loss": 1334.758845242587, "Epoch Validation Loss": 5956.717114882035}
