{"_timestamp": 1599994069.4898493, "Learning Rate (Depth & EOT)": 0.01, "_step": 0, "_runtime": 3.7465083599090576}
