{"_runtime": 3.2157955169677734, "_step": 0, "Learning Rate": 0.01, "_timestamp": 1604908109.7212715}
