{"Learning Rate (Depth & EOT)": 0.001, "_timestamp": 1599585057.6262653, "_step": 0, "_runtime": 5.420942306518555}
