{"_step": 0, "_runtime": 3.4264888763427734, "_timestamp": 1603292223.708335, "Learning Rate": 0.01}
