{"Learning Rate (Depth & EOT)": 0.01, "_step": 0, "_timestamp": 1601128288.6244965, "_runtime": 4.39169979095459}
