{"_timestamp": 1601134457.4067528, "Learning Rate (Depth & EOT)": 0.01, "_step": 0, "_runtime": 4.32811427116394}
