{"_step": 0, "_runtime": 4.364925384521484, "Learning Rate (Depth & flag)": 0.01, "_timestamp": 1600237696.1017058}
