{"_timestamp": 1602432905.7335398, "_runtime": 5.295153379440308, "_step": 0, "Learning Rate": 0.003}
