{"_runtime": 4.352412700653076, "_step": 0, "Learning Rate": 0.005, "_timestamp": 1599985345.751302}
