{"Learning Rate (Depth & EOT)": 0.01, "_runtime": 4.28742527961731, "_step": 0, "_timestamp": 1601133457.0813086}
