{"Learning Rate": 0.01, "_step": 1, "_timestamp": 1605017380.379987, "_runtime": 5.980415344238281, "graph_0": {"_type": "graph-file", "path": "media/graph/graph_0_summary_f2656bac.graph.json", "sha256": "f2656bacbba8f46ab707eecb052dc09e140e0b978413a96972d597ad78799cb6", "size": 4136}, "Train Loss": 767.094482421875, "Validation Loss": 1654.9940185546875}
