{"_timestamp": 1599997472.9408493, "_runtime": 3.723024606704712, "Learning Rate (Depth & EOT)": 0.01, "_step": 0}
