{"_timestamp": 1599544403.341345, "_runtime": 5.02894926071167, "Learning Rate (Depth & EOT)": 0.001, "_step": 0}
