{"Learning Rate": 0.01, "_step": 0, "_timestamp": 1604306124.5285711, "_runtime": 3.981677293777466}
