{"_timestamp": 1598793444.1666675, "_runtime": 5.801212310791016, "Learning Rate (Discriminator)": 0.001, "_step": 2, "Learning Rate (Generator)": 0.001, "Train F1-score": NaN, "Train Recall": 0.0, "Train Precision": NaN, "Train-#N accepted trajectory(Perfect EOT without FN, FP)": 0, "graph_0": {"_type": "graph-file", "path": "media/graph/graph_0_summary_48b56023.graph.json", "sha256": "48b560239e4e28b45a3b989f584b07c92331478630f4876adb3b2d4791fd3f03", "size": 3866}}
