{"_runtime": 4.864344120025635, "Learning Rate (Depth & EOT)": 0.01, "_step": 0, "_timestamp": 1600922359.4701114}
