{"_timestamp": 1603300183.0509512, "_step": 0, "Learning Rate": 0.003, "_runtime": 3.273306369781494}
