{"_timestamp": 1598789919.3917124, "Learning Rate (Discriminator)": 0.001, "_step": 1, "_runtime": 4.581173419952393, "Learning Rate (Generator)": 0.001}
