{"_timestamp": 1600170245.3841295, "Learning Rate (Depth & EOT)": 0.01, "_runtime": 149.7502579689026, "_step": 79, "Train F1-score": 0.3810240963855422, "Train-#N accepted trajectory(Perfect EOT without FN, FP)": 0, "Train Recall": 0.98828125, "Train Precision": 0.23600746268656717, "graph_0": {"_type": "graph-file", "path": "media/graph/graph_0_summary_62d8e131.graph.json", "sha256": "62d8e131804da6922cab6aa58edbea2d8d98fa70e2a29b3f116894fa65218c18", "size": 3774}, "Validation Recall": 0.9910112359550561, "Validation Precision": 0.21438988818667962, "Validation F1-score": 0.3525179856115108, "Validation-#N accepted trajectory(Perfect EOT without FN, FP)": 0, "Validation Loss": 2654.052490234375, "Train Loss": 206.13870239257812}
