{"Learning Rate (Depth & flag)": 0.01, "_step": 0, "_runtime": 4.368887901306152, "_timestamp": 1600237747.6951425}
