{"_runtime": 3.1721696853637695, "_timestamp": 1603284912.9146278, "Learning Rate": 0.01, "_step": 0}
