{"Learning Rate": 0.003, "_step": 23, "_runtime": 17.560588121414185, "_timestamp": 1603293440.2073984, "graph_0": {"_type": "graph-file", "path": "media/graph/graph_0_summary_fab5f983.graph.json", "sha256": "fab5f983b378f42381a96571051fd6e242d3bb0c62db5507f9dd0873711e8b82", "size": 3471}, "Validation Loss": 183.4822235107422, "Train Loss": 229.6661376953125, "Epoch Validation Loss": 920.7200256347656, "Epoch Train Loss": 2059.866662597656}
