{"_step": 0, "_timestamp": 1599655613.325494, "Learning Rate (Depth & EOT)": 0.001, "_runtime": 4.759381532669067}
