{"Learning Rate (Depth & EOT)": 0.001, "_runtime": 4.978861570358276, "_step": 0, "_timestamp": 1599631353.8883564}
