{"_step": 0, "_runtime": 4.376245498657227, "_timestamp": 1601132604.8978276, "Learning Rate (Depth & EOT)": 0.01}
