{"Learning Rate (Depth & EOT)": 0.001, "_timestamp": 1599581255.9945657, "_runtime": 4.546511888504028, "_step": 0}
