{"_timestamp": 1599582594.6890917, "_runtime": 5.493244171142578, "_step": 0, "Learning Rate (Depth & EOT)": 0.001}
