{"Learning Rate (Discriminator)": 0.001, "_runtime": 22.523661136627197, "_timestamp": 1599639108.5258253, "_step": 2, "Learning Rate (Generator)": 0.001, "Train-#N accepted trajectory(Perfect EOT without FN, FP)": 0, "Train F1-score": 0.008773907488821254, "Train Precision": 0.004406283908100203, "Train Recall": 1.0, "graph_0": {"_type": "graph-file", "path": "media/graph/graph_0_summary_e327b5d0.graph.json", "sha256": "e327b5d0e51087a1968d06bb6f606c7a7058c91c139cc3f530cca065eb1fe413", "size": 3883}}
