{"_runtime": 4.334258794784546, "Learning Rate (Depth & flag)": 0.01, "_step": 0, "_timestamp": 1600240046.0593731}
