{"_runtime": 3.3967206478118896, "_timestamp": 1603289524.481395, "_step": 0, "Learning Rate": 0.003}
