{"Learning Rate (Depth & EOT)": 0.01, "_step": 0, "_timestamp": 1600149293.9545329, "_runtime": 4.8353965282440186}
