{"Learning Rate": 0.01, "_timestamp": 1603275638.1566863, "_step": 8, "_runtime": 20.055785417556763, "graph_0": {"_type": "graph-file", "path": "media/graph/graph_0_summary_0f5cc750.graph.json", "sha256": "0f5cc7508d08ba0cfec36382e7cf4eea6739492fd7733983623a94e8f1d0670f", "size": 4150}, "Validation Loss": 1129.635986328125, "Train Loss": 369.1024169921875, "Epoch Validation Loss": 1002.3387023925782, "Epoch Train Loss": 1260.5779174804688}
