{"_step": 0, "Learning Rate (Depth & EOT)": 0.01, "_timestamp": 1600680207.3240879, "_runtime": 4.879676580429077}
