{"Learning Rate (Depth & EOT)": 0.001, "_timestamp": 1599641718.420845, "_runtime": 5.0731041431427, "_step": 0}
