{"_step": 24, "Learning Rate": 0.01, "_runtime": 56.01844549179077, "_timestamp": 1603284903.5728292, "graph_0": {"_type": "graph-file", "path": "media/graph/graph_0_summary_5c47ef71.graph.json", "sha256": "5c47ef7126e90f3a53ffb0931b3d00f137cf0f8510a35c383007707ff97d584e", "size": 4150}, "Train Loss": 121.68951416015625, "Validation Loss": 116.58961486816406, "Epoch Train Loss": 138.42646026611328, "Epoch Validation Loss": 125.49031066894531}
