{"_step": 0, "Learning Rate (Depth & flag)": 0.01, "_timestamp": 1600237738.7635026, "_runtime": 4.403975009918213}
