{"_timestamp": 1600238412.9513636, "_runtime": 4.3107640743255615, "Learning Rate (Depth & flag)": 0.01, "_step": 0}
