{"_timestamp": 1601120970.0610957, "_runtime": 11.448697805404663, "_step": 10, "Learning Rate (Depth & EOT)": 0.01, "Train-#N accepted trajectory(Perfect EOT without FN, FP)": 0, "Train F1-score": 0.008567317024195976, "Train Recall": 1.0, "Train Precision": 0.004302087184485598, "graph_0": {"_type": "graph-file", "path": "media/graph/graph_0_summary_8d6e0eff.graph.json", "sha256": "8d6e0eff8bac33c08a4a118fd855918a2eb138e06f36b25344880bb3f6656a8c", "size": 3774}, "Validation-#N accepted trajectory(Perfect EOT without FN, FP)": 0, "Validation Precision": 0.004249540402967288, "Validation Recall": 1.0, "Validation F1-score": 0.008463116450642552, "Validation Loss": 69189.3359375, "Train Loss": 14476.4267578125}
