{"_timestamp": 1600752679.0806544, "_step": 0, "Learning Rate (Depth & EOT)": 0.01, "_runtime": 4.675682306289673}
