{"_runtime": 4.296620607376099, "_step": 0, "_timestamp": 1601128676.0478346, "Learning Rate (Depth & EOT)": 0.01}
