{"_runtime": 4.273350954055786, "Learning Rate (Depth & EOT)": 0.01, "_step": 0, "_timestamp": 1601134368.1760144}
