{"_timestamp": 1600925150.0556881, "Learning Rate (Depth & EOT)": 0.01, "_runtime": 4.278279542922974, "_step": 0}
