{"_runtime": 55.10510563850403, "_step": 4, "_timestamp": 1599639306.560304, "Learning Rate (Discriminator)": 0.001, "Learning Rate (Generator)": 0.001, "Train F1-score": 0.00902136258660508, "Train-#N accepted trajectory(Perfect EOT without FN, FP)": 0, "Train Recall": 1.0, "Train Precision": 0.004531119730307754, "graph_0": {"_type": "graph-file", "path": "media/graph/graph_0_summary_c107dcf1.graph.json", "sha256": "c107dcf1ec9cbfb0ac2ebe053aa9fef8890d7ef5f84d8c71341759069313c02a", "size": 3883}, "Validation-#N accepted trajectory(Perfect EOT without FN, FP)": 0, "Validation F1-score": 0.008681577398469689, "Validation Recall": 1.0, "Validation Precision": 0.004359713293430873, "Discriminator Loss": 43.185768127441406, "Generator Loss": 579.4432983398438, "Validation Loss": 145.73574829101562}
