{"Learning Rate (Discriminator)": 0.001, "_runtime": 4.600060224533081, "_timestamp": 1598787437.0581603, "_step": 1, "Learning Rate (Generator)": 0.001}
