{"_step": 1, "_timestamp": 1599639159.2572632, "_runtime": 5.071176290512085, "Learning Rate (Discriminator)": 0.001, "Learning Rate (Generator)": 0.001}
