{"Learning Rate (Depth & EOT)": 0.01, "_step": 0, "_runtime": 4.296465873718262, "_timestamp": 1601120820.7520962}
