{"_step": 0, "_timestamp": 1602434846.2049327, "Learning Rate": 0.003, "_runtime": 4.366114854812622}
