{"_runtime": 4.270035743713379, "_timestamp": 1601135949.1957638, "Learning Rate (Depth & EOT)": 0.01, "_step": 0}
