{"_timestamp": 1599582770.0596614, "Learning Rate (Depth & EOT)": 0.001, "_step": 0, "_runtime": 5.549677848815918}
