{"_timestamp": 1599585156.112047, "_step": 0, "Learning Rate (Depth & EOT)": 0.001, "_runtime": 4.735288143157959}
