{"Learning Rate (Depth & EOT)": 0.001, "_step": 0, "_timestamp": 1599579322.755759, "_runtime": 4.545100450515747}
