{"_step": 0, "Learning Rate": 0.01, "_timestamp": 1603087129.623448, "_runtime": 4.140089511871338}
