{"_timestamp": 1598789664.1396604, "Learning Rate (Discriminator)": 0.001, "_runtime": 4.5482378005981445, "_step": 1, "Learning Rate (Generator)": 0.001}
