{"_runtime": 4.9899208545684814, "_timestamp": 1599631137.4567053, "_step": 0, "Learning Rate (Depth & EOT)": 0.001}
