{"_timestamp": 1601131558.947678, "_step": 0, "_runtime": 4.312109470367432, "Learning Rate (Depth & EOT)": 0.01}
