{"_runtime": 4.296814918518066, "_timestamp": 1600239688.737227, "Learning Rate (Depth & flag)": 0.01, "_step": 0}
