{"_timestamp": 1599581024.7393122, "Learning Rate (Depth & EOT)": 0.001, "_runtime": 4.493119955062866, "_step": 0}
