{"_step": 0, "_timestamp": 1603288636.882829, "Learning Rate": 0.01, "_runtime": 3.2988245487213135}
