{"_timestamp": 1604306238.374336, "Learning Rate": 0.01, "_step": 0, "_runtime": 4.103353500366211}
