{"_step": 1, "_timestamp": 1600170791.1451428, "Learning Rate (Depth & EOT)": 0.01, "_runtime": 7.057077169418335, "Train F1-score": 0.008848945731075008, "Train Precision": 0.004444135823901118, "Train-#N accepted trajectory(Perfect EOT without FN, FP)": 0, "Train Recall": 1.0}
