{"_step": 0, "_timestamp": 1600923592.1511974, "_runtime": 4.117645025253296, "Learning Rate (Depth & EOT)": 0.01}
