{"_runtime": 4.377326965332031, "_step": 0, "Learning Rate (Depth & EOT)": 0.01, "_timestamp": 1601132285.967515}
