{"_step": 0, "_runtime": 4.298325061798096, "Learning Rate (Depth & EOT)": 0.01, "_timestamp": 1600922562.8849916}
