{"_runtime": 5.129295349121094, "Learning Rate (Depth & EOT)": 0.001, "_step": 0, "_timestamp": 1599631238.521787}
