{"Learning Rate (Depth & EOT)": 0.01, "_timestamp": 1601120860.0587156, "_step": 1, "_runtime": 5.565617322921753, "Train F1-score": 0.008946825799010955, "Train Recall": 1.0, "Train Precision": 0.0044935142440890976, "Train-#N accepted trajectory(Perfect EOT without FN, FP)": 0, "graph_0": {"_type": "graph-file", "path": "media/graph/graph_0_summary_62d0e5f9.graph.json", "sha256": "62d0e5f952010a0a8df834f0b77592519228739ad0164d6b565479ecd7fa25b9", "size": 3774}}
