{"_timestamp": 1603293261.6487544, "_step": 0, "_runtime": 3.2959113121032715, "Learning Rate": 0.003}
