{"_step": 0, "_runtime": 4.284575700759888, "_timestamp": 1600922517.040945, "Learning Rate (Depth & EOT)": 0.01}
