{"_step": 1, "_timestamp": 1598793116.073211, "Learning Rate (Discriminator)": 0.001, "_runtime": 4.760220289230347, "Learning Rate (Generator)": 0.001}
