{"_step": 0, "Learning Rate": 0.01, "_timestamp": 1603292060.9684472, "_runtime": 3.4357447624206543}
