{"_runtime": 4.295449733734131, "Learning Rate (Depth & EOT)": 0.01, "_step": 0, "_timestamp": 1600924885.1125076}
