{"_timestamp": 1600065535.2903056, "_step": 0, "Learning Rate (Depth & EOT)": 0.01, "_runtime": 3.7563564777374268}
