{"_step": 0, "Learning Rate (Depth & EOT)": 0.01, "_timestamp": 1601133640.7389004, "_runtime": 4.346707105636597}
