{"_timestamp": 1599581760.6556137, "_step": 0, "_runtime": 5.266336441040039, "Learning Rate (Depth & EOT)": 0.001}
