{"_runtime": 4.55919885635376, "_step": 0, "_timestamp": 1600168813.223024, "Learning Rate (Depth & EOT)": 0.01}
