{"_timestamp": 1601128493.2622027, "Learning Rate (Depth & EOT)": 0.01, "_step": 0, "_runtime": 4.356378555297852}
