{"_runtime": 11.150562763214111, "_timestamp": 1600061780.2174377, "_step": 4, "Learning Rate (Depth & EOT)": 0.01, "Train-#N accepted trajectory(Perfect EOT without FN, FP)": 0, "Train Precision": 0.004061364681991972, "Train Recall": 1.0, "Train F1-score": 0.008089873437722194, "graph_0": {"_type": "graph-file", "path": "media/graph/graph_0_summary_837ab1e2.graph.json", "sha256": "837ab1e20c41dc4841be635d73bdc5d9bb18db7abcd20356a5e25d373ca6ad1a", "size": 3774}, "Validation F1-score": 0.008542120216966164, "Validation Precision": 0.004289380309613585, "Validation-#N accepted trajectory(Perfect EOT without FN, FP)": 0, "Validation Recall": 1.0, "Validation Loss": 421381.1875, "Train Loss": 7313.21923828125}
