{"_step": 0, "_timestamp": 1600236879.5871596, "_runtime": 5.8209075927734375, "Learning Rate (Depth & flag)": 0.01}
