{"Learning Rate (Depth & EOT)": 0.001, "_timestamp": 1599636630.3176692, "_step": 0, "_runtime": 5.041434049606323}
