{"_step": 0, "_timestamp": 1601208048.5323343, "Learning Rate (Depth & EOT)": 0.01, "_runtime": 4.642566919326782}
