{"_runtime": 3.438030481338501, "Learning Rate": 0.01, "_step": 0, "_timestamp": 1603291707.554262}
