{"_timestamp": 1599641660.3162742, "Learning Rate (Depth & EOT)": 0.001, "_step": 0, "_runtime": 5.236962795257568}
