{"_runtime": 4.6058573722839355, "Learning Rate (Depth & EOT)": 0.01, "_step": 0, "_timestamp": 1600169056.1462302}
