{"_runtime": 3.7439444065093994, "_step": 0, "_timestamp": 1605016614.4829473, "Learning Rate": 0.01}
