{"_step": 0, "_timestamp": 1599630995.0444171, "_runtime": 5.115995407104492, "Learning Rate (Depth & EOT)": 0.001}
