{"Learning Rate (Discriminator)": 0.001, "_step": 4, "_runtime": 7.841116189956665, "_timestamp": 1598795859.179512, "Learning Rate (Generator)": 0.001, "Train Recall": 1.0, "Train Precision": 0.004609622587150677, "Train-#N accepted trajectory(Perfect EOT without FN, FP)": 0, "Train F1-score": 0.00917694293088615, "graph_0": {"_type": "graph-file", "path": "media/graph/graph_0_summary_3ddc7c42.graph.json", "sha256": "3ddc7c429d44ed36c0fc0465052f9e30608cab63b83b7c98d0af1d3525b20ba2", "size": 3866}, "Validation-#N accepted trajectory(Perfect EOT without FN, FP)": 0, "Validation Precision": 0.004484914378907311, "Validation Recall": 1.0, "Validation F1-score": 0.008929779461507237, "Discriminator Loss": 1.293657898902893, "Generator Loss": 6438.0869140625, "Validation Loss": 38230.87890625}
