{"Learning Rate (Depth & EOT)": 0.01, "_step": 0, "_timestamp": 1600698475.4227085, "_runtime": 5.046234607696533}
