{"Learning Rate": 0.01, "_step": 0, "_timestamp": 1603086640.8481293, "_runtime": 3.975097417831421}
