{"_step": 0, "Learning Rate": 0.005, "_runtime": 4.13067364692688, "_timestamp": 1599985315.034098}
