{"Learning Rate (Depth & EOT)": 0.001, "_runtime": 4.9968719482421875, "_step": 0, "_timestamp": 1599642952.7737148}
