{"_runtime": 3.4074018001556396, "_timestamp": 1605007339.49902, "_step": 0, "Learning Rate": 0.01}
