{"_timestamp": 1599585088.2117832, "_step": 0, "Learning Rate (Depth & EOT)": 0.001, "_runtime": 5.423923492431641}
