{"_step": 1, "Learning Rate (Discriminator)": 0.001, "_timestamp": 1598789848.3711643, "_runtime": 4.628609657287598, "Learning Rate (Generator)": 0.001}
