{"_timestamp": 1599578621.5349085, "Learning Rate (Depth & EOT)": 0.001, "_runtime": 4.7125866413116455, "_step": 0}
