{"_timestamp": 1600923814.907341, "_runtime": 4.284695386886597, "Learning Rate (Depth & EOT)": 0.01, "_step": 0}
