{"_step": 3, "Learning Rate (Depth & EOT)": 0.01, "_runtime": 7.0485005378723145, "_timestamp": 1601126063.1894195, "Train F1-score": 0.008126855129283662, "Train-#N accepted trajectory(Perfect EOT without FN, FP)": 0, "Train Recall": 1.0, "Train Precision": 0.004080006375009961, "graph_0": {"_type": "graph-file", "path": "media/graph/graph_0_summary_fa50d09c.graph.json", "sha256": "fa50d09c0942c19121a392bd49bd9bfbea4ddd764b8ceb99ca669cb0e5d0f670", "size": 3787}, "Validation Precision": 0.012379642365887207, "Validation F1-score": 0.024373730534867976, "Validation Recall": 0.782608695652174, "Validation-#N accepted trajectory(Perfect EOT without FN, FP)": 0, "Validation Loss": 20855.4296875, "Train Loss": 4836.75048828125}
