{"_runtime": 19.453835248947144, "_step": 8, "_timestamp": 1603284526.780188, "Learning Rate": 0.01, "graph_0": {"_type": "graph-file", "path": "media/graph/graph_0_summary_afbdb874.graph.json", "sha256": "afbdb874123e34dfad891c71117c2f9163f54f4ca6ce0391b257ee0fa7fa0735", "size": 4150}, "Train Loss": 182.2776641845703, "Validation Loss": 206.83595275878906, "Epoch Validation Loss": 455.4765289306641, "Epoch Train Loss": 718.6215789794921}
