{"_runtime": 5.459076166152954, "_timestamp": 1599584994.3916984, "_step": 0, "Learning Rate (Depth & EOT)": 0.001}
