{"Learning Rate (Depth & EOT)": 0.001, "_runtime": 5.67369818687439, "_step": 0, "_timestamp": 1599581339.5260572}
