{"_step": 0, "Learning Rate (Depth & EOT)": 0.01, "_runtime": 4.339136600494385, "_timestamp": 1601120274.0798678}
