{"_step": 0, "_timestamp": 1599585629.6326585, "_runtime": 4.53049898147583, "Learning Rate (Depth & EOT)": 0.001}
