{"_step": 0, "Learning Rate": 0.01, "_timestamp": 1603086583.1988366, "_runtime": 4.0546369552612305}
