{"Learning Rate": 0.003, "_runtime": 3.271059274673462, "_step": 0, "_timestamp": 1603290120.93515}
