{"_runtime": 5.519283294677734, "Learning Rate (Depth & EOT)": 0.001, "_timestamp": 1599583141.2180197, "_step": 0}
