{"_runtime": 7.201847076416016, "_timestamp": 1601123315.0105963, "_step": 3, "Learning Rate (Depth & EOT)": 0.01, "Train Precision": 0.004268587531055642, "Train Recall": 1.0, "Train F1-score": 0.008500888276411695, "Train-#N accepted trajectory(Perfect EOT without FN, FP)": 0, "graph_0": {"_type": "graph-file", "path": "media/graph/graph_0_summary_79aecee1.graph.json", "sha256": "79aecee14c35cfc187f27fb89510fa2b5e2047b8ec11e97ca8247709f39886a8", "size": 3774}, "Validation Recall": 1.0, "Validation Precision": 0.004248080101098474, "Validation-#N accepted trajectory(Perfect EOT without FN, FP)": 0, "Validation F1-score": 0.008460220507806829, "Train Loss": 20602.033203125, "Validation Loss": 116129.671875}
