{"_runtime": 4.250588417053223, "Learning Rate (Depth & EOT)": 0.01, "_step": 0, "_timestamp": 1601135761.9252038}
