{"Learning Rate (Depth & EOT)": 0.001, "_timestamp": 1599631317.4078822, "_step": 0, "_runtime": 5.094343900680542}
