{"Learning Rate": 0.01, "_timestamp": 1603286139.360443, "_step": 8, "_runtime": 19.79054045677185, "graph_0": {"_type": "graph-file", "path": "media/graph/graph_0_summary_4ffb4dbe.graph.json", "sha256": "4ffb4dbe0ccc20b54e0da803e57913384d34931ad62e562d9ee537c1fabe5f2a", "size": 4150}, "Validation Loss": 153.74195861816406, "Train Loss": 305.5588073730469, "Epoch Train Loss": 1083.7232696533204, "Epoch Validation Loss": 835.0977172851562}
