{"Learning Rate": 0.01, "_runtime": 4.093735218048096, "_timestamp": 1603086599.7192433, "_step": 0}
