{"_timestamp": 1601208353.9982398, "_runtime": 7.349882364273071, "Learning Rate (Depth & EOT)": 0.01, "_step": 3, "Train F1-score": 0.008858438008235579, "Train Recall": 1.0, "Train-#N accepted trajectory(Perfect EOT without FN, FP)": 0, "Train Precision": 0.004448924264015849, "graph_0": {"_type": "graph-file", "path": "media/graph/graph_0_summary_955d33f5.graph.json", "sha256": "955d33f5deb33ec7ac6601dae08f8ba338f00843b3b02ccf34992927a8988aed", "size": 3774}, "val Precision": 0.004288061555724762, "val F1-score": 0.00853950518754988, "val-#N accepted trajectory(Perfect EOT without FN, FP)": 0, "val Recall": 1.0, "Train Loss": 501.07568359375, "Validation Loss": 469.69097900390625}
