{"_runtime": 8.300767421722412, "_step": 3, "Learning Rate (Depth & EOT)": 0.01, "_timestamp": 1601213327.8669891, "Train F1-score": 0.008583690987124462, "Train Precision": 0.004310344827586207, "Train Recall": 1.0, "Train-#N accepted trajectory(Perfect EOT without FN, FP)": 0, "graph_0": {"_type": "graph-file", "path": "media/graph/graph_0_summary_3dd8016b.graph.json", "sha256": "3dd8016bec27ae6707c60cdc3b93f8b63d2785ee18c0220f9883691a35a60a16", "size": 3774}, "val Recall": 1.0, "val F1-score": 0.008316527417651013, "val-#N accepted trajectory(Perfect EOT without FN, FP)": 0, "val Precision": 0.004175627067321138, "Validation Loss": 289.6065368652344, "Train Loss": 301.4922790527344}
