{"Learning Rate": 0.003, "_runtime": 4.342981815338135, "_step": 0, "_timestamp": 1602434729.14778}
