{"_runtime": 29.9697482585907, "_timestamp": 1600264538.021607, "Learning Rate (Depth & EOT)": 0.01, "_step": 13, "Train-#N accepted trajectory(Perfect EOT without FN, FP)": 0, "Train F1-score": 0.008499477082952905, "Train Precision": 0.0042678758981711485, "Train Recall": 1.0, "graph_0": {"_type": "graph-file", "path": "media/graph/graph_0_summary_318f613e.graph.json", "sha256": "318f613e52bd441855d51146ede1560861b5e8dc88be5093e2a717813c4d8157", "size": 3774}, "Validation-#N accepted trajectory(Perfect EOT without FN, FP)": 0, "Validation F1-score": 0.008732640356066367, "Validation Precision": 0.00438546853779991, "Validation Recall": 1.0, "Train Loss": 5069.9794921875, "Validation Loss": 3305.577880859375}
