{"_runtime": 4.348417043685913, "_timestamp": 1600240540.8534436, "Learning Rate (Depth & flag)": 0.01, "_step": 0}
