{"_runtime": 4.355946063995361, "Learning Rate (Depth & EOT)": 0.01, "_step": 0, "_timestamp": 1601132433.288173}
