{"_timestamp": 1603094525.3728266, "Learning Rate": 0.01, "_step": 0, "_runtime": 4.160019397735596}
