{"_runtime": 4.31189227104187, "_step": 0, "_timestamp": 1601132475.3542192, "Learning Rate (Depth & EOT)": 0.01}
