{"_runtime": 4.462706804275513, "Learning Rate (Depth & EOT)": 0.001, "_timestamp": 1599579088.7097476, "_step": 0}
