{"_step": 0, "_runtime": 4.961618185043335, "Learning Rate (Depth & EOT)": 0.001, "_timestamp": 1599637680.3083732}
