{"_step": 0, "_runtime": 3.415022134780884, "_timestamp": 1603291801.186065, "Learning Rate": 0.01}
