{"_runtime": 5.686811685562134, "Learning Rate (Depth & EOT)": 0.001, "_step": 0, "_timestamp": 1599581787.7412705}
