{"_runtime": 4.456067085266113, "Learning Rate (Depth & EOT)": 0.001, "_timestamp": 1599579039.2980926, "_step": 0}
