{"_runtime": 4.565673351287842, "_timestamp": 1598787369.7904348, "_step": 1, "Learning Rate (Discriminator)": 0.001, "Learning Rate (Generator)": 0.001}
