{"_timestamp": 1599585444.8045013, "_runtime": 4.458110332489014, "Learning Rate (Depth & EOT)": 0.001, "_step": 0}
