{"_timestamp": 1601133719.0887868, "Learning Rate (Depth & EOT)": 0.01, "_runtime": 4.333203315734863, "_step": 0}
