{"Learning Rate (Depth & EOT)": 0.01, "_step": 0, "_runtime": 4.337557554244995, "_timestamp": 1601132425.0415778}
