{"_runtime": 80.1588249206543, "_step": 41, "Learning Rate": 0.005, "_timestamp": 1599985719.8286188, "graph_0": {"_type": "graph-file", "path": "media/graph/graph_0_summary_5656082c.graph.json", "sha256": "5656082cbf210b9a25a01a10d31221b3f533b50eff540ad8e623e29fa9a1163f", "size": 3778}, "Validation Loss": 22.242961883544922, "Train Loss": 20.23342514038086, "Epoch Validation Loss": 4180.132578224971, "Epoch Train Loss": 973.1582561361379}
