{"_runtime": 5.306889295578003, "_timestamp": 1599585077.55215, "_step": 0, "Learning Rate (Depth & EOT)": 0.001}
