{"_runtime": 4.5435850620269775, "Learning Rate (Discriminator)": 0.001, "_step": 1, "_timestamp": 1598788542.9600437, "Learning Rate (Generator)": 0.001}
