{"_step": 0, "_timestamp": 1599579120.7069519, "_runtime": 4.321862459182739, "Learning Rate (Depth & EOT)": 0.001}
