{"Learning Rate": 0.01, "_runtime": 3.382840633392334, "_step": 0, "_timestamp": 1603291614.1230962}
