{"_timestamp": 1603293355.8578334, "_runtime": 3.2951481342315674, "Learning Rate": 0.003, "_step": 0}
