{"_step": 0, "_timestamp": 1603293164.1468072, "_runtime": 3.314016342163086, "Learning Rate": 0.003}
