{"_step": 2, "_runtime": 24.79859733581543, "_timestamp": 1599639394.1258163, "Learning Rate (Discriminator)": 0.001, "Learning Rate (Generator)": 0.001, "Train Recall": 1.0, "Train F1-score": 0.00940716420112886, "Train-#N accepted trajectory(Perfect EOT without FN, FP)": 0, "Train Precision": 0.004725810337478456, "graph_0": {"_type": "graph-file", "path": "media/graph/graph_0_summary_0ced1f31.graph.json", "sha256": "0ced1f31ab66e41d7c459b0cf87561fcf18a0522a4d81148a9647d50b8c08f8a", "size": 3883}}
