{"_step": 0, "_timestamp": 1601135436.0169413, "Learning Rate (Depth & EOT)": 0.01, "_runtime": 4.2261962890625}
