{"_runtime": 5.542830228805542, "_step": 0, "_timestamp": 1599582651.154673, "Learning Rate (Depth & EOT)": 0.001}
