{"_runtime": 4.2153160572052, "_timestamp": 1601127587.0803416, "_step": 0, "Learning Rate (Depth & EOT)": 0.01}
