{"_runtime": 4.592907667160034, "Learning Rate (Depth & EOT)": 0.01, "_step": 0, "_timestamp": 1600168485.9364634}
