{"_runtime": 4.418876886367798, "_timestamp": 1601125213.7030642, "Learning Rate (Depth & EOT)": 0.01, "_step": 0}
