{"_step": 0, "_runtime": 4.1333653926849365, "_timestamp": 1603086910.1296046, "Learning Rate": 0.01}
