{"_runtime": 4.422533750534058, "Learning Rate (Depth & EOT)": 0.01, "_step": 0, "_timestamp": 1601124823.5163271}
