{"_timestamp": 1598797482.9788854, "_runtime": 58.25782918930054, "Learning Rate (Discriminator)": 0.001, "_step": 65, "Learning Rate (Generator)": 0.001, "Train F1-score": 0.008893829905503059, "Train Precision": 0.00446677833612507, "Train Recall": 1.0, "Train-#N accepted trajectory(Perfect EOT without FN, FP)": 0, "graph_0": {"_type": "graph-file", "path": "media/graph/graph_0_summary_9e8d4fe5.graph.json", "sha256": "9e8d4fe5d523822c482b4285d4f9e9d89ea550880725a421040f30fcfd433596", "size": 3866}, "Validation-#N accepted trajectory(Perfect EOT without FN, FP)": 0, "Validation Recall": 1.0, "Validation F1-score": 0.009207586386074306, "Validation Precision": 0.004625086133093901, "Discriminator Loss": 0.884041965007782, "Validation Loss": 695.9927978515625, "Generator Loss": 207.8916473388672}
