{"_runtime": 4.312144994735718, "_step": 0, "Learning Rate (Depth & EOT)": 0.01, "_timestamp": 1601131574.7511628}
