{"_runtime": 3.378253698348999, "Learning Rate": 0.01, "_timestamp": 1605004863.7805407, "_step": 0}
