{"_step": 0, "_timestamp": 1599582935.164717, "_runtime": 5.764208793640137, "Learning Rate (Depth & EOT)": 0.001}
