{"_step": 1, "_timestamp": 1599636423.1086981, "Learning Rate (Depth & EOT)": 0.001, "_runtime": 23.69162917137146, "Train F1-score": 0.008986403687926707, "Train-#N accepted trajectory(Perfect EOT without FN, FP)": 0, "Train Recall": 1.0, "Train Precision": 0.00451348182883939, "graph_0": {"_type": "graph-file", "path": "media/graph/graph_0_summary_076e43db.graph.json", "sha256": "076e43db6a804df6047c4495811792c1b94221704507f92e0bf9029dff21f1d8", "size": 3791}}
