{"Learning Rate (Depth & EOT)": 0.01, "_runtime": 4.37927508354187, "_timestamp": 1601132642.706635, "_step": 0}
