{"Learning Rate (Depth & EOT)": 0.01, "_step": 0, "_runtime": 4.362127304077148, "_timestamp": 1600924817.903486}
