{"_runtime": 4.052191972732544, "Learning Rate (Depth & EOT)": 0.01, "_step": 0, "_timestamp": 1599994723.160092}
