{"_timestamp": 1599586004.285099, "Learning Rate (Depth & EOT)": 0.001, "_step": 0, "_runtime": 4.508574724197388}
