{"_runtime": 4.335746765136719, "_step": 0, "Learning Rate (Depth & flag)": 0.01, "_timestamp": 1600240009.6455784}
