{"_runtime": 5.552728176116943, "_step": 0, "_timestamp": 1599582946.9656243, "Learning Rate (Depth & EOT)": 0.001}
