{"_step": 4, "_runtime": 14.68493938446045, "Learning Rate": 0.01, "_timestamp": 1603277835.7382755, "graph_0": {"_type": "graph-file", "path": "media/graph/graph_0_summary_d7d00977.graph.json", "sha256": "d7d009770d8091f939ef162da36b59c89ae5d62eb3419fbce831a1d6d8f91075", "size": 4150}, "Train Loss": 159.42855834960938, "Validation Loss": 179.83412170410156}
