{"Learning Rate (Discriminator)": 0.001, "_timestamp": 1598793000.7538886, "_runtime": 5.670949220657349, "_step": 2, "Learning Rate (Generator)": 0.001, "Train F1-score": 0.008562302456644983, "Train Recall": 1.0, "Train Precision": 0.004299558287566551, "Train-#N accepted trajectory(Perfect EOT without FN, FP)": 0, "graph_0": {"_type": "graph-file", "path": "media/graph/graph_0_summary_558be166.graph.json", "sha256": "558be166ad04786ede763f56c0547f0e80da8213dbac44ae8cfd87b5ac94b87d", "size": 3866}}
