{"_step": 0, "_timestamp": 1599636673.9370258, "_runtime": 5.108620643615723, "Learning Rate (Depth & EOT)": 0.001}
