{"_timestamp": 1598787329.6814358, "Learning Rate (Discriminator)": 0.001, "_step": 1, "_runtime": 4.551974773406982, "Learning Rate (Generator)": 0.001}
