{"_runtime": 4.856079816818237, "Learning Rate (Discriminator)": 0.001, "_timestamp": 1598792570.1765268, "_step": 1, "Learning Rate (Generator)": 0.001}
