{"Learning Rate": 0.003, "_step": 0, "_timestamp": 1602433581.474825, "_runtime": 4.578386068344116}
