{"_timestamp": 1603905697.7311776, "_runtime": 3.6942033767700195, "Learning Rate": 0.01, "_step": 0}
