{"_runtime": 3.2745935916900635, "Learning Rate": 0.003, "_timestamp": 1603293154.617488, "_step": 0}
