{"_step": 1, "_timestamp": 1598787135.8951912, "Learning Rate (Discriminator)": 0.001, "_runtime": 4.762906551361084, "Learning Rate (Generator)": 0.001}
