{"_runtime": 5.498325347900391, "_step": 0, "_timestamp": 1599582758.961962, "Learning Rate (Depth & EOT)": 0.001}
