{"Learning Rate (Depth & EOT)": 0.001, "_runtime": 4.3787031173706055, "_step": 0, "_timestamp": 1599579395.8878114}
