{"_runtime": 27.560729503631592, "_step": 10, "Learning Rate (Depth & EOT)": 0.001, "_timestamp": 1599644927.8392975, "Train Recall": 1.0, "Train F1-score": 0.008853186215123106, "Train-#N accepted trajectory(Perfect EOT without FN, FP)": 0, "Train Precision": 0.0044462749576433805, "graph_0": {"_type": "graph-file", "path": "media/graph/graph_0_summary_1457c671.graph.json", "sha256": "1457c67166502503bc2b77e22e5cda3b72054579c4e02524280e2ac16a398ced", "size": 3787}, "Validation Precision": 0.004452359750667854, "Validation F1-score": 0.008865248226950355, "Validation Recall": 1.0, "Validation-#N accepted trajectory(Perfect EOT without FN, FP)": 0, "Train Loss": 57683.47265625, "Validation Loss": 2199261.0}
