{"Learning Rate (Depth & EOT)": 0.001, "_step": 0, "_runtime": 5.040575742721558, "_timestamp": 1599640076.3292084}
