{"_timestamp": 1598789730.59864, "Learning Rate (Discriminator)": 0.001, "_step": 1, "_runtime": 4.479978561401367, "Learning Rate (Generator)": 0.001}
