{"_step": 0, "_runtime": 3.27988862991333, "Learning Rate": 0.003, "_timestamp": 1603293290.3391829}
