{"_runtime": 3.380842924118042, "_timestamp": 1603291844.515213, "_step": 0, "Learning Rate": 0.01}
