{"Learning Rate (Depth & flag)": 0.01, "_step": 0, "_timestamp": 1600237163.8056245, "_runtime": 5.312902450561523}
