{"_timestamp": 1600237012.8824506, "_step": 0, "Learning Rate (Depth & flag)": 0.01, "_runtime": 5.174030303955078}
