{"_step": 0, "_timestamp": 1601132152.7567687, "_runtime": 4.4917893409729, "Learning Rate (Depth & EOT)": 0.01}
