{"_step": 0, "Learning Rate (Depth & EOT)": 0.001, "_runtime": 4.344945669174194, "_timestamp": 1599655201.5489032}
