{"_timestamp": 1600698710.1676145, "_step": 0, "Learning Rate (Depth & EOT)": 0.01, "_runtime": 4.973532676696777}
