{"_step": 0, "Learning Rate (Depth & flag)": 0.01, "_timestamp": 1600241509.1304066, "_runtime": 4.249838590621948}
