{"_timestamp": 1600149194.8215652, "_step": 0, "_runtime": 4.7636237144470215, "Learning Rate (Depth & EOT)": 0.01}
