{"_runtime": 5.851979970932007, "Learning Rate (Discriminator)": 0.001, "_timestamp": 1598792707.5057082, "_step": 2, "Learning Rate (Generator)": 0.001, "Train Precision": 0.0043916079117561286, "Train F1-score": 0.008744812037780322, "Train Recall": 1.0, "Train-#N accepted trajectory(Perfect EOT without FN, FP)": 0, "graph_0": {"_type": "graph-file", "path": "media/graph/graph_0_summary_ba252e10.graph.json", "sha256": "ba252e1089efb0c94b4e1e0d66ba68ee4c1a86ee71e6a82e320a188603d8a632", "size": 3866}}
