{"Learning Rate (Depth & EOT)": 0.01, "_runtime": 4.226127624511719, "_step": 0, "_timestamp": 1601127257.9406598}
