{"_step": 0, "_runtime": 3.4082694053649902, "Learning Rate": 0.01, "_timestamp": 1603291872.5748582}
