{"Learning Rate": 0.01, "_step": 1, "_timestamp": 1605018999.7207708, "_runtime": 5.193086385726929, "graph_0": {"_type": "graph-file", "path": "media/graph/graph_0_summary_e22a15bf.graph.json", "sha256": "e22a15bf3e34954a3ab97dfeb290d0242e4a7a0a4196dbd315000db5b41845d7", "size": 3986}, "Validation Loss": 9404.853515625, "Train Loss": 1743.88134765625}
