{"_timestamp": 1603291922.3674653, "_runtime": 3.3702552318573, "_step": 0, "Learning Rate": 0.01}
