{"Learning Rate": 0.01, "_timestamp": 1605007782.7000673, "_runtime": 3.5364458560943604, "_step": 0}
