{"_step": 0, "_timestamp": 1601128598.827476, "_runtime": 4.308363437652588, "Learning Rate (Depth & EOT)": 0.01}
