{"_step": 0, "_runtime": 5.2471301555633545, "_timestamp": 1599630726.4208078, "Learning Rate (Depth & EOT)": 0.001}
