{"_runtime": 4.5495264530181885, "_step": 1, "_timestamp": 1598787643.763505, "Learning Rate (Discriminator)": 0.001, "Learning Rate (Generator)": 0.001}
