{"Learning Rate (Depth & EOT)": 0.001, "_step": 0, "_timestamp": 1599583119.0276408, "_runtime": 5.3736255168914795}
