{"Learning Rate (Depth & EOT)": 0.01, "_step": 0, "_runtime": 4.296464204788208, "_timestamp": 1601129937.0333414}
