{"_step": 0, "Learning Rate (Depth & EOT)": 0.001, "_runtime": 5.293076038360596, "_timestamp": 1599644509.385856}
