{"_step": 0, "_timestamp": 1600752156.9197867, "_runtime": 4.63082480430603, "Learning Rate (Depth & EOT)": 0.01}
