{"_runtime": 4.485890865325928, "_step": 0, "Learning Rate (Depth & EOT)": 0.01, "_timestamp": 1601130321.0667157}
