{"Learning Rate (Depth & EOT)": 0.01, "_runtime": 7.377966403961182, "_step": 3, "_timestamp": 1601207425.2287028, "Train Recall": 1.0, "Train F1-score": 0.008809359944941501, "Train Precision": 0.004424167012304714, "Train-#N accepted trajectory(Perfect EOT without FN, FP)": 0, "graph_0": {"_type": "graph-file", "path": "media/graph/graph_0_summary_0d474183.graph.json", "sha256": "0d47418382c1f1d144a6b3457f2fa48c49cb30fcb6719d71e84256695f49ed04", "size": 3774}, "val Recall": 1.0, "val F1-score": 0.010019129603060737, "val-#N accepted trajectory(Perfect EOT without FN, FP)": 0, "val Precision": 0.005034786892731402, "Validation Loss": 39263.1328125, "Train Loss": 8799.861328125}
