{"Learning Rate (Depth & EOT)": 0.01, "_runtime": 4.526161432266235, "_timestamp": 1601128464.0505033, "_step": 0}
