{"Learning Rate (Depth & EOT)": 0.001, "_timestamp": 1599631372.5482998, "_step": 0, "_runtime": 5.015501499176025}
