{"_step": 0, "Learning Rate": 0.01, "_runtime": 4.219918727874756, "_timestamp": 1603094544.1678252}
