{"_timestamp": 1600698544.595797, "Learning Rate (Depth & EOT)": 0.01, "_runtime": 4.981441020965576, "_step": 0}
