{"_step": 3, "_runtime": 6.929518222808838, "Learning Rate (Depth & EOT)": 0.01, "_timestamp": 1601123251.0249946, "Train-#N accepted trajectory(Perfect EOT without FN, FP)": 0, "Train Precision": 0.004458454518539159, "Train F1-score": 0.008877329865626355, "Train Recall": 1.0, "graph_0": {"_type": "graph-file", "path": "media/graph/graph_0_summary_fc9ca00b.graph.json", "sha256": "fc9ca00bfd2c2a64ea84c7f29842e2a13dd4fee90277a9078203e100dcaa86ae", "size": 3774}, "Validation F1-score": 0.02545320014798372, "Validation-#N accepted trajectory(Perfect EOT without FN, FP)": 0, "Validation Precision": 0.01319524357499041, "Validation Recall": 0.35833333333333334, "Validation Loss": 40436.41015625, "Train Loss": 9717.552734375}
