{"_timestamp": 1599637533.5367503, "_runtime": 5.00545859336853, "Learning Rate (Depth & EOT)": 0.001, "_step": 0}
