{"_step": 12, "Learning Rate": 0.01, "_runtime": 24.57351279258728, "_timestamp": 1605005612.3287196, "graph_0": {"_type": "graph-file", "path": "media/graph/graph_0_summary_55a0a7cc.graph.json", "sha256": "55a0a7cc511c9002703857270e6cbbcdc88020e171f2c2eea5bd0a4d3bb8b3bb", "size": 4136}, "Train Loss": 126.38593292236328, "Validation Loss": 2581.36474609375}
