{"_timestamp": 1600748919.7572262, "_step": 0, "_runtime": 4.8069679737091064, "Learning Rate (Depth & EOT)": 0.01}
