{"_timestamp": 1599582668.9032993, "Learning Rate (Depth & EOT)": 0.001, "_runtime": 5.381871461868286, "_step": 0}
