{"_runtime": 4.667630434036255, "_timestamp": 1600170502.2611306, "Learning Rate (Depth & EOT)": 0.01, "_step": 0}
