{"_timestamp": 1602434783.6603682, "Learning Rate": 0.003, "_step": 0, "_runtime": 4.443082332611084}
