{"_timestamp": 1604306859.4826593, "_runtime": 4.177110195159912, "_step": 0, "Learning Rate": 0.01}
