{"Learning Rate": 0.01, "_runtime": 3.2421534061431885, "_timestamp": 1605004551.9726439, "_step": 0}
