{"_timestamp": 1599586702.1562827, "Learning Rate (Depth & EOT)": 0.001, "_runtime": 41.510079860687256, "_step": 7, "Train Precision": 0.00446580014963451, "Train-#N accepted trajectory(Perfect EOT without FN, FP)": 0, "Train Recall": 1.0, "Train F1-score": 0.008891890891594803, "graph_0": {"_type": "graph-file", "path": "media/graph/graph_0_summary_d2b24a6a.graph.json", "sha256": "d2b24a6a3920a9cbef4920b9439e2a8ec711f209f32dbfad3125d81d56881e4b", "size": 3791}, "Validation Recall": 1.0, "Validation-#N accepted trajectory(Perfect EOT without FN, FP)": 0, "Validation F1-score": 0.008642386979778094, "Validation Precision": 0.004339947241656153, "Train Loss": 3976.3994140625, "Validation Loss": 250651.625}
