{"_timestamp": 1601135775.6280901, "_step": 0, "Learning Rate (Depth & EOT)": 0.01, "_runtime": 4.243110418319702}
