{"_runtime": 4.37532901763916, "Learning Rate (Depth & EOT)": 0.01, "_step": 0, "_timestamp": 1601130430.1847818}
