{"_step": 0, "Learning Rate (Depth & EOT)": 0.01, "_runtime": 4.354757070541382, "_timestamp": 1600924419.3458712}
