{"_step": 7, "_timestamp": 1603285536.105714, "Learning Rate": 0.01, "_runtime": 17.417360067367554, "graph_0": {"_type": "graph-file", "path": "media/graph/graph_0_summary_e02950c7.graph.json", "sha256": "e02950c7bdcb8a2f6320ef1d4cb38a4591a30ab267572914e3cd3ff989cd72a9", "size": 4150}, "Validation Loss": 800.9862670898438, "Train Loss": 2441.385986328125, "Epoch Train Loss": 2649.5609436035156, "Epoch Validation Loss": 2090.9912536621096}
