{"_timestamp": 1601125883.7282221, "Learning Rate (Depth & EOT)": 0.01, "_step": 0, "_runtime": 4.358788013458252}
