{"_runtime": 3.927197217941284, "Learning Rate": 0.01, "_timestamp": 1603086531.2322795, "_step": 0}
