{"_runtime": 3.393022060394287, "_step": 0, "Learning Rate": 0.01, "_timestamp": 1605008033.221391}
