{"Learning Rate (Depth & EOT)": 0.001, "_runtime": 5.064617395401001, "_timestamp": 1599630759.19602, "_step": 0}
