{"_timestamp": 1600237782.3075075, "_runtime": 4.335734844207764, "Learning Rate (Depth & flag)": 0.01, "_step": 0}
