{"_step": 22, "_timestamp": 1600062011.5896475, "Learning Rate (Depth & EOT)": 0.01, "_runtime": 42.895020484924316, "Train-#N accepted trajectory(Perfect EOT without FN, FP)": 0, "Train Precision": 0.004341264053994471, "Train Recall": 1.0, "Train F1-score": 0.008644997889404812, "graph_0": {"_type": "graph-file", "path": "media/graph/graph_0_summary_5ae6ce3e.graph.json", "sha256": "5ae6ce3eb491d8a12459fc2785a847634dd41a42694cf88f9f1aa21f68b096e0", "size": 3774}, "Validation F1-score": 0.008642081764440996, "Validation-#N accepted trajectory(Perfect EOT without FN, FP)": 0, "Validation Precision": 0.00433979330651835, "Validation Recall": 1.0, "Train Loss": 297.08453369140625, "Validation Loss": 140143.140625}
