{"_runtime": 4.511157274246216, "_timestamp": 1598789508.17075, "Learning Rate (Discriminator)": 0.001, "_step": 1, "Learning Rate (Generator)": 0.001}
