{"_timestamp": 1600752580.4823148, "_step": 0, "Learning Rate (Depth & EOT)": 0.01, "_runtime": 4.629929780960083}
