{"Learning Rate": 0.01, "_step": 0, "_timestamp": 1603275505.6325371, "_runtime": 3.1276910305023193}
