{"Learning Rate (Discriminator)": 0.001, "_runtime": 7.926842927932739, "_step": 4, "_timestamp": 1598795603.0798357, "Learning Rate (Generator)": 0.001, "Train Recall": 1.0, "Train-#N accepted trajectory(Perfect EOT without FN, FP)": 0, "Train F1-score": 0.008805875169839878, "Train Precision": 0.0044224091764990415, "graph_0": {"_type": "graph-file", "path": "media/graph/graph_0_summary_f589590c.graph.json", "sha256": "f589590c729085c0b4107dd84203f8d0fe5b9c4b56302e2827be3f9a5e4f9a53", "size": 3866}, "Validation Recall": 1.0, "Validation F1-score": 0.00884569182046522, "Validation Precision": 0.004442494378325015, "Validation-#N accepted trajectory(Perfect EOT without FN, FP)": 0, "Generator Loss": 5224.025390625, "Discriminator Loss": 1.045633316040039, "Validation Loss": 29102.455078125}
