{"_runtime": 5.44642448425293, "Learning Rate (Depth & EOT)": 0.001, "_step": 0, "_timestamp": 1599582679.1578624}
