{"_step": 127, "_timestamp": 1600240874.1432219, "_runtime": 154.0976276397705, "Learning Rate (Depth & flag)": 0.01, "Train Recall": 0.98828125, "Train Precision": 0.37370753323485967, "Train F1-score": 0.542336548767417, "Train-#N accepted trajectory(Perfect flag without FN, FP)": 0, "graph_0": {"_type": "graph-file", "path": "media/graph/graph_0_summary_f2c2085e.graph.json", "sha256": "f2c2085eb2326f2e9b1ae6ecf230ea5d2d961a13cccb2b2d9fea78ec56c0be8d", "size": 3774}, "Validation F1-score": 0.4577114427860697, "Validation-#N accepted trajectory(Perfect flag without FN, FP)": 19, "Validation Precision": 0.29764705882352943, "Validation Recall": 0.9902152641878669, "Validation Loss": 14.47891616821289, "Train Loss": 93.6517562866211}
