{"_timestamp": 1600174094.5818098, "_runtime": 7.095131158828735, "_step": 1, "Learning Rate (Depth & EOT)": 0.01, "Train Precision": NaN, "Train F1-score": NaN, "Train Recall": 0.0, "Train-#N accepted trajectory(Perfect EOT without FN, FP)": 0, "graph_0": {"_type": "graph-file", "path": "media/graph/graph_0_summary_31f8123d.graph.json", "sha256": "31f8123dc767722fca8927dfc7d6175c83e5e74840ee97b2170c175043428744", "size": 3774}}
