{"Learning Rate (Depth & EOT)": 0.01, "_step": 4, "_runtime": 8.057387590408325, "_timestamp": 1600678079.847478, "Train Precision": 0.0044676358178740334, "Train-#N accepted trajectory(Perfect EOT without FN, FP)": 0, "Train Recall": 1.0, "Train F1-score": 0.008895529648869815, "graph_0": {"_type": "graph-file", "path": "media/graph/graph_0_summary_4e4a5bd7.graph.json", "sha256": "4e4a5bd7dde1d321d2ee926467860f483161ec33c3b3defc7553023a24fcf4df", "size": 3774}, "validation Precision": 0.00436954975859875, "validation-#N accepted trajectory(Perfect EOT without FN, FP)": 0, "validation F1-score": 0.008701079716423055, "validation Recall": 1.0, "Train Loss": 3920.35595703125, "Validation Loss": 7204.6884765625}
