{"_step": 2, "Learning Rate (Discriminator)": 0.01, "_runtime": 5.4811882972717285, "_timestamp": 1600266372.11854, "Learning Rate (Generator)": 0.01, "Train Precision": 0.0043257857384251435, "Train F1-score": 0.008614307826906252, "Train-#N accepted trajectory(Perfect EOT without FN, FP)": 0, "Train Recall": 1.0, "graph_0": {"_type": "graph-file", "path": "media/graph/graph_0_summary_12faf044.graph.json", "sha256": "12faf0442d642f0cb4f5628fc9b06bb621e9d33db04e94b77e5b56ad34ffa773", "size": 3866}}
