{"_timestamp": 1600238986.431134, "Learning Rate (Depth & flag)": 0.01, "_step": 0, "_runtime": 4.3531270027160645}
