{"Learning Rate (Depth & EOT)": 0.01, "_step": 1, "_timestamp": 1600265608.5656412, "_runtime": 5.428468227386475, "Train Precision": 0.0005261773217574323, "Train F1-score": 0.0009859502095144195, "Train-#N accepted trajectory(Perfect EOT without FN, FP)": 0, "Train Recall": 0.0078125}
