{"Learning Rate (Depth & EOT)": 0.01, "_timestamp": 1599992350.8528464, "_step": 0, "_runtime": 3.7384192943573}
