{"_runtime": 3.266742706298828, "Learning Rate": 0.01, "_step": 0, "_timestamp": 1603291141.1800249}
