{"_runtime": 7.597447156906128, "_timestamp": 1598795473.0499306, "Learning Rate (Discriminator)": 0.001, "_step": 4, "Learning Rate (Generator)": 0.001, "Train Precision": 0.004418592609213456, "Train-#N accepted trajectory(Perfect EOT without FN, FP)": 0, "Train F1-score": 0.008798309074974654, "Train Recall": 1.0, "graph_0": {"_type": "graph-file", "path": "media/graph/graph_0_summary_57ffe819.graph.json", "sha256": "57ffe819416069732c02559e29e7b7aea4c48df68953b04148918b7cf4fe8f9b", "size": 3866}, "Validation Precision": 0.004342053324720996, "Validation F1-score": 0.008646562812633986, "Validation Recall": 1.0, "Validation-#N accepted trajectory(Perfect EOT without FN, FP)": 0, "Generator Loss": 3056.44384765625, "Validation Loss": 15554.98046875, "Discriminator Loss": 0.3602858781814575}
