{"_step": 0, "Learning Rate (Depth & EOT)": 0.001, "_timestamp": 1599585902.509591, "_runtime": 4.510181427001953}
