{"_runtime": 4.653247833251953, "_step": 1, "_timestamp": 1598787714.1429832, "Learning Rate (Discriminator)": 0.001, "Learning Rate (Generator)": 0.001}
