{"_runtime": 5.563107967376709, "Learning Rate": 0.01, "_timestamp": 1605005422.3355727, "_step": 1, "graph_0": {"_type": "graph-file", "path": "media/graph/graph_0_summary_8071806b.graph.json", "sha256": "8071806bd4f9aa294bed02e6e4e922a84c45b147f9dabb471c4211a3b2354f4b", "size": 4136}, "Train Loss": 157.66934204101562, "Validation Loss": 149.80482482910156}
