{"Learning Rate": 0.003, "_timestamp": 1603290145.6423988, "_step": 0, "_runtime": 3.233903408050537}
