{"_step": 0, "_timestamp": 1599642885.0618048, "_runtime": 5.057727098464966, "Learning Rate (Depth & EOT)": 0.001}
