{"_runtime": 4.420680284500122, "_step": 0, "_timestamp": 1599581008.087936, "Learning Rate (Depth & EOT)": 0.001}
