{"_timestamp": 1598789581.3321667, "_runtime": 4.519975900650024, "Learning Rate (Discriminator)": 0.001, "_step": 1, "Learning Rate (Generator)": 0.001}
