{"_timestamp": 1600698721.165316, "_runtime": 4.955309629440308, "_step": 0, "Learning Rate (Depth & EOT)": 0.01}
