{"_runtime": 4.5074567794799805, "_step": 0, "_timestamp": 1601132556.536234, "Learning Rate (Depth & EOT)": 0.01}
