{"_timestamp": 1601120646.1637356, "_step": 0, "Learning Rate (Depth & EOT)": 0.01, "_runtime": 4.346509218215942}
