{"_timestamp": 1605004834.2212293, "Learning Rate": 0.01, "_step": 0, "_runtime": 3.367805004119873}
