{"_runtime": 4.554581165313721, "_step": 1, "_timestamp": 1598788334.6924198, "Learning Rate (Discriminator)": 0.001, "Learning Rate (Generator)": 0.001}
