{"_runtime": 3.942249059677124, "_timestamp": 1603300324.8522513, "Learning Rate": 0.003, "_step": 0}
