{"_timestamp": 1600752337.983124, "_step": 0, "Learning Rate (Depth & EOT)": 0.01, "_runtime": 4.772705316543579}
