{"_step": 0, "_runtime": 4.990052223205566, "Learning Rate (Depth & EOT)": 0.001, "_timestamp": 1599630899.7087348}
