{"_timestamp": 1603086384.3487873, "_runtime": 4.008797883987427, "_step": 0, "Learning Rate": 0.01}
