{"Learning Rate": 0.01, "_step": 0, "_runtime": 4.046022415161133, "_timestamp": 1603086491.3942266}
