{"_timestamp": 1605016641.0190332, "_step": 0, "Learning Rate": 0.01, "_runtime": 3.621730327606201}
