{"_step": 0, "_timestamp": 1599584706.9348602, "Learning Rate (Depth & EOT)": 0.001, "_runtime": 5.312930583953857}
