{"_step": 1, "Learning Rate (Discriminator)": 0.001, "_timestamp": 1599639131.1484087, "_runtime": 5.192181825637817, "Learning Rate (Generator)": 0.001}
