{"_runtime": 5.7789671421051025, "_timestamp": 1598792468.5724492, "Learning Rate (Discriminator)": 0.001, "_step": 2, "Learning Rate (Generator)": 0.001, "Train F1-score": 0.00914775772735394, "Train-#N accepted trajectory(Perfect EOT without FN, FP)": 0, "Train Precision": 0.004594895358437736, "Train Recall": 1.0, "graph_0": {"_type": "graph-file", "path": "media/graph/graph_0_summary_c601acd9.graph.json", "sha256": "c601acd960a184e6ae9083fa229c02110912f672d090b1f98a2c486390a305f4", "size": 3866}}
