{"Learning Rate (Depth & EOT)": 0.01, "_step": 0, "_runtime": 4.597683668136597, "_timestamp": 1600925276.066742}
