{"_timestamp": 1600175335.3564167, "_runtime": 7.470014572143555, "_step": 1, "Learning Rate (Depth & EOT)": 0.01, "Train-#N accepted trajectory(Perfect EOT without FN, FP)": 0, "Train F1-score": 0.008670030819250179, "Train Precision": 0.0043538895880812275, "Train Recall": 1.0}
