{"_timestamp": 1601133709.5392313, "Learning Rate (Depth & EOT)": 0.01, "_runtime": 4.370704889297485, "_step": 0}
