{"_timestamp": 1601208383.216015, "_step": 3, "_runtime": 7.475045204162598, "Learning Rate (Depth & EOT)": 0.01, "Train Precision": 0.004299702715866911, "Train-#N accepted trajectory(Perfect EOT without FN, FP)": 0, "Train F1-score": 0.008562588845221172, "Train Recall": 1.0, "graph_0": {"_type": "graph-file", "path": "media/graph/graph_0_summary_5ba000a4.graph.json", "sha256": "5ba000a4122ac024f8ed3d73e67ea500052ba7637ceedefca96973eef179e7eb", "size": 3774}, "val Precision": 0.004390992636344207, "val Recall": 1.0, "val-#N accepted trajectory(Perfect EOT without FN, FP)": 0, "val F1-score": 0.008743592223619307, "Train Loss": 280.8009948730469, "Validation Loss": 279.4705810546875}
