{"Learning Rate (Depth & EOT)": 0.001, "_runtime": 4.533824443817139, "_step": 0, "_timestamp": 1599585919.113054}
