{"_timestamp": 1598796416.4317358, "_step": 6, "Learning Rate (Discriminator)": 0.001, "_runtime": 9.335184574127197, "Learning Rate (Generator)": 0.001, "Train Recall": 1.0, "Train Precision": 0.004346202166310142, "Train-#N accepted trajectory(Perfect EOT without FN, FP)": 0, "Train F1-score": 0.008654788870482438, "graph_0": {"_type": "graph-file", "path": "media/graph/graph_0_summary_8bd68e35.graph.json", "sha256": "8bd68e35b8c79233f4c1412f2dbc3b014995db234c618b1db652a3c95697e8f3", "size": 3866}, "Validation Recall": 1.0, "Validation F1-score": 0.008952409309711676, "Validation Precision": 0.004496331153293986, "Validation-#N accepted trajectory(Perfect EOT without FN, FP)": 0, "Generator Loss": 7251.84033203125, "Discriminator Loss": 0.29576462507247925, "Validation Loss": 33756.9453125, "DISPLACEMENT VISUALIZATION": {"_type": "plotly-file", "path": "media/plotly/DISPLACEMENT VISUALIZATION_5_49e0a59e.plotly.json", "sha256": "49e0a59e9a1b23d2cdfb6412f75bc88139e244a2f8bd5668cb9e36c347628b65", "size": 578785}, "PITCH SCALED : Trajectory Visualization(Col1=Train, Col2=Val)": {"_type": "html-file", "path": "media/html/PITCH SCALED : Trajectory Visualization(Col1=Train, Col2=Val)_6_64c3229e.html", "sha256": "64c3229e75192d5e1f71ba761750bb62266debcda6296bb2699d54d5357c951b", "size": 4038890}}
