{"_runtime": 3.752551794052124, "Learning Rate": 0.01, "_timestamp": 1605017296.5744143, "_step": 0}
