{"_runtime": 3.3425979614257812, "Learning Rate": 0.01, "_timestamp": 1605004880.117599, "_step": 0}
