{"_timestamp": 1599585371.003501, "Learning Rate (Depth & EOT)": 0.001, "_step": 0, "_runtime": 4.437846660614014}
