{"Learning Rate (Discriminator)": 0.001, "_timestamp": 1598792585.1165352, "_step": 2, "_runtime": 6.341871500015259, "Learning Rate (Generator)": 0.001, "Train Precision": 0.004326443697081341, "Train-#N accepted trajectory(Perfect EOT without FN, FP)": 0, "Train F1-score": 0.008615612432059503, "Train Recall": 1.0, "graph_0": {"_type": "graph-file", "path": "media/graph/graph_0_summary_a052b437.graph.json", "sha256": "a052b4376c2b62ce881c67ed14b1e192fc08f74a8bc546a9041bc6c57b0cfad0", "size": 3866}}
