{"_timestamp": 1598792760.2707214, "_runtime": 4.860057830810547, "Learning Rate (Discriminator)": 0.001, "_step": 1, "Learning Rate (Generator)": 0.001}
