{"_step": 0, "_runtime": 4.627187728881836, "Learning Rate (Depth & EOT)": 0.01, "_timestamp": 1600184099.0589998}
