{"_step": 0, "Learning Rate (Depth & flag)": 0.01, "_timestamp": 1600240446.889054, "_runtime": 4.412836313247681}
