{"_runtime": 7.2059807777404785, "_timestamp": 1601216209.649824, "Learning Rate (Depth & EOT)": 0.01, "_step": 3, "Train Precision": 0.004145077720207254, "Train Recall": 1.0, "Train-#N accepted trajectory(Perfect EOT without FN, FP)": 0, "Train F1-score": 0.008255933952528379, "graph_0": {"_type": "graph-file", "path": "media/graph/graph_0_summary_8aba9c9c.graph.json", "sha256": "8aba9c9c5abeab53588bb7ce5d681e61717959437c2c56f7b36151348fb3e1c5", "size": 3774}, "val-#N accepted trajectory(Perfect EOT without FN, FP)": 0, "val Recall": 1.0, "val F1-score": 0.008777827581054833, "val Precision": 0.004408261269204074, "Train Loss": 263.6577453613281, "Validation Loss": 214.14999389648438}
