{"Learning Rate (Depth & EOT)": 0.01, "_runtime": 6.046518564224243, "_timestamp": 1600680405.5222764, "_step": 1, "Train F1-score": 0.008981983404382225, "Train Recall": 1.0, "Train Precision": 0.004511251696124905, "Train-#N accepted trajectory(Perfect EOT without FN, FP)": 0, "graph_0": {"_type": "graph-file", "path": "media/graph/graph_0_summary_4a180218.graph.json", "sha256": "4a180218727286d1f926bb455042fb90ac31f89282453688c3ddac1ae8bf7926", "size": 3774}}
