{"_runtime": 4.262586355209351, "_step": 0, "_timestamp": 1600239618.972436, "Learning Rate (Depth & flag)": 0.01}
