{"_runtime": 4.3331990242004395, "Learning Rate (Depth & EOT)": 0.001, "_timestamp": 1599655188.2406275, "_step": 0}
