{"_step": 0, "_runtime": 3.159839391708374, "Learning Rate": 0.01, "_timestamp": 1603285216.3559322}
