{"_runtime": 5.031686544418335, "Learning Rate (Depth & EOT)": 0.001, "_timestamp": 1599642502.6068573, "_step": 0}
