{"Learning Rate (Depth & flag)": 0.01, "_step": 5, "_runtime": 10.721527338027954, "_timestamp": 1600240923.7278802, "Train-#N accepted trajectory(Perfect flag without FN, FP)": 0, "Train Recall": 1.0, "Train Precision": 0.004414478108672035, "Train F1-score": 0.008790152282520987, "graph_0": {"_type": "graph-file", "path": "media/graph/graph_0_summary_4145d5c9.graph.json", "sha256": "4145d5c9ec0111641b95bb055d6ea6a3b5f8f9392fc7eab95adcebb23afd2fbc", "size": 3774}, "Validation Recall": 1.0, "Validation F1-score": 0.008591757282856759, "Validation Precision": 0.004314412835378185, "Validation-#N accepted trajectory(Perfect flag without FN, FP)": 0, "Train Loss": 6771.017578125, "Validation Loss": 5604.31787109375}
