{"_step": 3, "_runtime": 7.266529560089111, "Learning Rate (Depth & EOT)": 0.01, "_timestamp": 1601216169.6765327, "Train Precision": 0.004019658643051172, "Train F1-score": 0.008007131351359805, "Train-#N accepted trajectory(Perfect EOT without FN, FP)": 0, "Train Recall": 1.0, "graph_0": {"_type": "graph-file", "path": "media/graph/graph_0_summary_53633b08.graph.json", "sha256": "53633b0878bef8ca22ac8a42405483444f8f45c08b8ce4a1814643c66c1e7ddd", "size": 3774}, "val Precision": 0.00444010132538922, "val Recall": 1.0, "val-#N accepted trajectory(Perfect EOT without FN, FP)": 0, "val F1-score": 0.00884094794608533, "Train Loss": 187.64303588867188, "Validation Loss": 168.93418884277344}
