{"Learning Rate (Depth & EOT)": 0.01, "_step": 0, "_timestamp": 1600169923.713321, "_runtime": 4.576669692993164}
