{"Learning Rate (Depth & flag)": 0.01, "_step": 0, "_timestamp": 1600238387.5542133, "_runtime": 4.362297058105469}
