{"_runtime": 3.56492018699646, "Learning Rate": 0.01, "_timestamp": 1603286763.2306004, "_step": 0}
