{"Learning Rate (Depth & EOT)": 0.01, "_timestamp": 1601132784.6986997, "_step": 0, "_runtime": 4.396467685699463}
