{"_runtime": 4.278467893600464, "Learning Rate (Depth & EOT)": 0.01, "_timestamp": 1600925440.7996109, "_step": 0}
