{"_step": 0, "_timestamp": 1599581308.7985384, "_runtime": 5.551157474517822, "Learning Rate (Depth & EOT)": 0.001}
