{"_runtime": 4.381410837173462, "_step": 0, "Learning Rate (Depth & EOT)": 0.01, "_timestamp": 1600924361.0606062}
