{"_step": 1, "Learning Rate (Discriminator)": 0.001, "_timestamp": 1598790069.4784234, "_runtime": 4.611358642578125, "Learning Rate (Generator)": 0.001}
