{"_timestamp": 1603086676.4955783, "_step": 0, "Learning Rate": 0.01, "_runtime": 4.053954362869263}
