{"_step": 1, "_timestamp": 1599641763.9438798, "Learning Rate (Depth & EOT)": 0.001, "_runtime": 8.24198603630066, "Train-#N accepted trajectory(Perfect EOT without FN, FP)": 0, "Train F1-score": 0.008700917602123992, "Train Recall": 1.0, "Train Precision": 0.004369467991541758, "graph_0": {"_type": "graph-file", "path": "media/graph/graph_0_summary_63eeda96.graph.json", "sha256": "63eeda967ec660c8bc729f5333808a4577332add7e6e0f937c42a8335da8529e", "size": 3791}}
