{"_step": 0, "Learning Rate (Depth & flag)": 0.01, "_timestamp": 1600240640.018962, "_runtime": 4.4596192836761475}
