{"_timestamp": 1599584983.4414752, "_step": 0, "_runtime": 5.287771940231323, "Learning Rate (Depth & EOT)": 0.001}
