{"_timestamp": 1599640649.7044039, "_runtime": 4.995169639587402, "_step": 0, "Learning Rate (Depth & EOT)": 0.001}
