{"_runtime": 4.280214548110962, "_timestamp": 1600922450.9181645, "Learning Rate (Depth & EOT)": 0.01, "_step": 0}
