{"_timestamp": 1601128398.47153, "_step": 0, "_runtime": 4.305882930755615, "Learning Rate (Depth & EOT)": 0.01}
