{"Learning Rate": 0.01, "_timestamp": 1603292166.2572448, "_step": 0, "_runtime": 3.364628553390503}
