{"Learning Rate": 0.01, "_step": 0, "_timestamp": 1603094771.82418, "_runtime": 4.242666959762573}
