{"Learning Rate (Depth & EOT)": 0.01, "_step": 0, "_runtime": 3.6439716815948486, "_timestamp": 1599998510.222126}
