{"_timestamp": 1600680151.330092, "_step": 4, "_runtime": 7.797960042953491, "Learning Rate (Depth & EOT)": 0.01, "Train Precision": 0.004402407566638005, "Train-#N accepted trajectory(Perfect EOT without FN, FP)": 0, "Train Recall": 1.0, "Train F1-score": 0.008766222648358045, "graph_0": {"_type": "graph-file", "path": "media/graph/graph_0_summary_6a857c60.graph.json", "sha256": "6a857c6036d78ddcdc7d100cf6c549b4c50c3188837a96d6e5d123df0860e671", "size": 3774}, "Validation-#N accepted trajectory(Perfect EOT without FN, FP)": 0, "Validation Recall": 1.0, "Validation Precision": 0.004511638568779044, "Validation F1-score": 0.008982750215233332, "Train Loss": 41062.9453125, "Validation Loss": 132920.921875}
