{"Learning Rate": 0.01, "_step": 8, "_runtime": 19.876935958862305, "_timestamp": 1603273887.6860352, "graph_0": {"_type": "graph-file", "path": "media/graph/graph_0_summary_1ec40b9b.graph.json", "sha256": "1ec40b9b40edc9610aa54ffe1b49cc02d2dfb46b100934a0d3c83c2c39d198c6", "size": 4150}, "Train Loss": 173.72409057617188, "Validation Loss": 154.8291778564453, "Epoch Validation Loss": 688.31396484375, "Epoch Train Loss": 1157.3825317382812}
