{"Learning Rate (Depth & EOT)": 0.01, "_timestamp": 1601134477.963087, "_step": 0, "_runtime": 4.278455495834351}
