{"Learning Rate (Depth & flag)": 0.01, "_timestamp": 1600237791.9886892, "_runtime": 4.407495021820068, "_step": 0}
