{"_step": 9, "_runtime": 16.0163516998291, "Learning Rate (Discriminator)": 0.001, "_timestamp": 1599639060.6689386, "Learning Rate (Generator)": 0.001, "Train-#N accepted trajectory(Perfect EOT without FN, FP)": 0, "Train Precision": 0.0044421540839989695, "Train Recall": 1.0, "Train F1-score": 0.00884501723854868, "graph_0": {"_type": "graph-file", "path": "media/graph/graph_0_summary_9baf3d8a.graph.json", "sha256": "9baf3d8a4ae39146befc3b94c44780000bfbe4aef6e9428827072847b1e56fa5", "size": 3883}, "Validation-#N accepted trajectory(Perfect EOT without FN, FP)": 0, "Validation Precision": 0.0044106252359287145, "Validation F1-score": 0.008782514093561468, "Validation Recall": 1.0, "Validation Loss": 7718.8759765625, "Generator Loss": 731025.625, "Discriminator Loss": 74.2974853515625}
