{"_timestamp": 1599635917.8156888, "_step": 0, "_runtime": 5.155475378036499, "Learning Rate (Depth & EOT)": 0.001}
