{"_step": 0, "_runtime": 4.346928119659424, "_timestamp": 1601132850.9188251, "Learning Rate (Depth & EOT)": 0.01}
