{"_step": 0, "_runtime": 4.021145343780518, "_timestamp": 1603086436.707183, "Learning Rate": 0.01}
