{"_step": 0, "_timestamp": 1601131519.629076, "_runtime": 4.404821395874023, "Learning Rate (Depth & EOT)": 0.01}
