{"_timestamp": 1600752605.7164273, "_runtime": 4.724002361297607, "Learning Rate (Depth & EOT)": 0.01, "_step": 0}
