{"_timestamp": 1601132052.1362302, "_step": 0, "Learning Rate (Depth & EOT)": 0.01, "_runtime": 4.312607049942017}
