{"_step": 0, "Learning Rate (Depth & EOT)": 0.01, "_timestamp": 1601132489.842654, "_runtime": 4.508124351501465}
