{"_timestamp": 1603285633.9070551, "_runtime": 3.2127063274383545, "Learning Rate": 0.01, "_step": 0}
