{"_timestamp": 1604306619.1915035, "_runtime": 4.063472270965576, "_step": 0, "Learning Rate": 0.01}
