{"_timestamp": 1599992389.3256524, "_step": 0, "_runtime": 3.6948797702789307, "Learning Rate (Depth & EOT)": 0.01}
