{"_step": 7, "_runtime": 17.29787588119507, "_timestamp": 1603284994.9171114, "Learning Rate": 0.01, "graph_0": {"_type": "graph-file", "path": "media/graph/graph_0_summary_0c42046b.graph.json", "sha256": "0c42046b5b4217567566c09864ed68be38b54de0b74882d64ab648ce16c0d637", "size": 4150}, "Train Loss": 3229.936767578125, "Validation Loss": 2906.96533203125, "Epoch Train Loss": 5745.429150390625, "Epoch Validation Loss": 5079.72548828125}
