{"_runtime": 4.0630083084106445, "_step": 0, "Learning Rate": 0.01, "_timestamp": 1603086732.4123423}
