{"_runtime": 3.416501045227051, "Learning Rate": 0.01, "_timestamp": 1603291632.7328413, "_step": 0}
