{"_step": 0, "_timestamp": 1601133445.0645468, "_runtime": 4.314399480819702, "Learning Rate (Depth & EOT)": 0.01}
