{"_runtime": 3.015103578567505, "_timestamp": 1602526688.246438, "_step": 0, "Learning Rate": 0.003}
