{"_timestamp": 1599639147.8170354, "Learning Rate (Discriminator)": 0.001, "_step": 1, "_runtime": 5.0813517570495605, "Learning Rate (Generator)": 0.001}
