{"_timestamp": 1599638985.4681425, "_step": 1, "_runtime": 5.04956316947937, "Learning Rate (Discriminator)": 0.001, "Learning Rate (Generator)": 0.001}
