{"_step": 46, "Learning Rate": 0.01, "_timestamp": 1603867734.043537, "_runtime": 10.602919101715088, "Epoch Validation Loss": NaN, "Epoch Train Loss": NaN}
