{"_timestamp": 1600061859.5344303, "_runtime": 11.153830766677856, "_step": 4, "Learning Rate (Depth & EOT)": 0.01, "Train Recall": 1.0, "Train-#N accepted trajectory(Perfect EOT without FN, FP)": 0, "Train F1-score": 0.00850060600023244, "Train Precision": 0.004268445185493956, "graph_0": {"_type": "graph-file", "path": "media/graph/graph_0_summary_d60d43b1.graph.json", "sha256": "d60d43b1ca2ae73f9e542f9035420dfc9b1e0ecc80ea806132c2039621dc6ec7", "size": 3774}, "Validation Precision": 0.004394564262051247, "Validation F1-score": 0.008750673128702207, "Validation Recall": 1.0, "Validation-#N accepted trajectory(Perfect EOT without FN, FP)": 0, "Train Loss": 20056.16796875, "Validation Loss": 1404430.625}
