{"_step": 0, "_runtime": 4.732503652572632, "_timestamp": 1599585120.6670852, "Learning Rate (Depth & EOT)": 0.001}
