{"Learning Rate": 0.01, "_runtime": 43.44621133804321, "_timestamp": 1603284801.8644962, "_step": 18, "graph_0": {"_type": "graph-file", "path": "media/graph/graph_0_summary_ac0ad76e.graph.json", "sha256": "ac0ad76ea660361b3c7f18d6e698775ff68715daabb50a8f1d33649807036034", "size": 4150}, "Train Loss": 11585.9638671875, "Validation Loss": 12014.8056640625, "Epoch Validation Loss": 5817.08994140625, "Epoch Train Loss": 7510.23232421875}
