{"_step": 0, "Learning Rate (Depth & EOT)": 0.001, "_timestamp": 1599636371.8451045, "_runtime": 5.017411470413208}
