{"_step": 0, "_runtime": 4.251852750778198, "Learning Rate (Depth & flag)": 0.01, "_timestamp": 1600238420.8955646}
