{"Learning Rate (Depth & EOT)": 0.01, "_step": 0, "_timestamp": 1601128734.794475, "_runtime": 4.4556355476379395}
