{"_runtime": 4.631258964538574, "_step": 0, "_timestamp": 1600752264.4665298, "Learning Rate (Depth & EOT)": 0.01}
