{"_runtime": 4.502166032791138, "_timestamp": 1600173933.3005672, "Learning Rate (Depth & EOT)": 0.01, "_step": 0}
