{"_runtime": 3.4618008136749268, "_step": 0, "Learning Rate": 0.01, "_timestamp": 1603291886.2970252}
