{"_step": 0, "_runtime": 3.4811835289001465, "_timestamp": 1605007739.8159297, "Learning Rate": 0.01}
