{"Learning Rate": 0.01, "_step": 0, "_runtime": 3.1935622692108154, "_timestamp": 1604987496.5412295}
