{"_runtime": 4.789590120315552, "_step": 0, "Learning Rate (Depth & EOT)": 0.01, "_timestamp": 1600149324.1489115}
