{"Learning Rate": 0.01, "_timestamp": 1605004518.8016963, "_step": 0, "_runtime": 3.2328596115112305}
