{"_step": 0, "_timestamp": 1599631164.0932875, "Learning Rate (Depth & EOT)": 0.001, "_runtime": 5.086543560028076}
