{"Learning Rate (Depth & EOT)": 0.01, "_timestamp": 1601135714.551767, "_runtime": 4.2928125858306885, "_step": 0}
