{"_runtime": 4.381633043289185, "Learning Rate (Depth & EOT)": 0.01, "_step": 0, "_timestamp": 1601132349.990997}
