{"_step": 4, "_timestamp": 1600680314.478754, "Learning Rate (Depth & EOT)": 0.01, "_runtime": 8.228063583374023, "Train Precision": 0.0043448744059742025, "Train F1-score": 0.0086521562795728, "Train Recall": 1.0, "Train-#N accepted trajectory(Perfect EOT without FN, FP)": 0, "graph_0": {"_type": "graph-file", "path": "media/graph/graph_0_summary_3742181e.graph.json", "sha256": "3742181e9d1beca94e9e9913b0aab402cd41482a63052f7147a1554b1333cf05", "size": 3774}, "Validation Precision": 0.0043345323741007195, "Validation Recall": 1.0, "Validation F1-score": 0.008631650579323438, "Validation-#N accepted trajectory(Perfect EOT without FN, FP)": 0, "Train Loss": 9060.2421875, "Validation Loss": 10437.51171875}
