{"_runtime": 4.234766721725464, "Learning Rate (Depth & EOT)": 0.01, "_step": 0, "_timestamp": 1601133420.5699885}
