{"_runtime": 4.457943439483643, "_step": 0, "Learning Rate (Depth & flag)": 0.01, "_timestamp": 1600237762.8740172}
