{"Learning Rate (Depth & EOT)": 0.001, "_runtime": 4.5569844245910645, "_step": 0, "_timestamp": 1599585933.6600142}
