{"_runtime": 4.418897390365601, "_timestamp": 1601133618.821915, "_step": 0, "Learning Rate (Depth & EOT)": 0.01}
