{"_step": 0, "_runtime": 3.2920453548431396, "_timestamp": 1603293334.2612276, "Learning Rate": 0.003}
