{"Learning Rate (Depth & EOT)": 0.01, "_step": 0, "_timestamp": 1599998670.3528821, "_runtime": 3.859591484069824}
