{"_timestamp": 1599631341.1761096, "_runtime": 5.132125377655029, "_step": 0, "Learning Rate (Depth & EOT)": 0.001}
