{"_runtime": 7.331441640853882, "_timestamp": 1601206682.4844518, "Learning Rate (Depth & EOT)": 0.01, "_step": 3, "Train Precision": 0.0045127626568890146, "Train Recall": 1.0, "Train F1-score": 0.008984978239505826, "Train-#N accepted trajectory(Perfect EOT without FN, FP)": 0, "graph_0": {"_type": "graph-file", "path": "media/graph/graph_0_summary_aabeec4f.graph.json", "sha256": "aabeec4fdae78c86baeefa6ff6728b7e660c7e05739fd768e30d1570d9a4d4b6", "size": 3774}, "val-#N accepted trajectory(Perfect EOT without FN, FP)": 0, "val Recall": 1.0, "val F1-score": 0.008495824239253954, "val Precision": 0.0042660338565489505, "Validation Loss": 4008.51953125, "Train Loss": 2585.8974609375}
