{"Learning Rate": 0.003, "_timestamp": 1602433343.3871682, "_step": 0, "_runtime": 4.813681125640869}
