{"_timestamp": 1599582377.8115623, "_runtime": 5.453267812728882, "_step": 0, "Learning Rate (Depth & EOT)": 0.001}
