{"_step": 0, "_runtime": 5.52267861366272, "_timestamp": 1599582780.6574068, "Learning Rate (Depth & EOT)": 0.001}
