{"_runtime": 3.396531820297241, "_timestamp": 1605008475.417139, "_step": 0, "Learning Rate": 0.01}
