{"_step": 0, "_timestamp": 1600924312.9478583, "_runtime": 4.253490447998047, "Learning Rate (Depth & EOT)": 0.01}
