{"_step": 0, "_timestamp": 1599641943.4633772, "_runtime": 5.195796966552734, "Learning Rate (Depth & EOT)": 0.001}
