{"Learning Rate": 0.003, "_timestamp": 1602433140.387859, "_step": 0, "_runtime": 4.497534275054932}
