{"_runtime": 4.682116985321045, "_timestamp": 1600169852.6552882, "_step": 0, "Learning Rate (Depth & EOT)": 0.01}
