{"_timestamp": 1600680246.5050619, "_step": 0, "_runtime": 4.847901344299316, "Learning Rate (Depth & EOT)": 0.01}
