{"_timestamp": 1599641747.344325, "_runtime": 8.099864721298218, "_step": 1, "Learning Rate (Depth & EOT)": 0.001, "Train Recall": 1.0, "Train Precision": 0.004381639905483097, "Train-#N accepted trajectory(Perfect EOT without FN, FP)": 0, "Train F1-score": 0.008725049784652435, "graph_0": {"_type": "graph-file", "path": "media/graph/graph_0_summary_92b2a5eb.graph.json", "sha256": "92b2a5eb0544d6de64a7f8865eb2d8f66b141a0c25f42c4a291c7b0e43232507", "size": 3791}}
