{"_runtime": 5.1441826820373535, "_step": 0, "_timestamp": 1599642491.6317832, "Learning Rate (Depth & EOT)": 0.001}
