{"Learning Rate (Depth & EOT)": 0.001, "_step": 0, "_timestamp": 1599630799.4605248, "_runtime": 5.02506685256958}
