{"_runtime": 5.215532064437866, "_step": 0, "_timestamp": 1600237032.564763, "Learning Rate (Depth & flag)": 0.01}
