{"_runtime": 5.108459711074829, "_step": 0, "Learning Rate (Depth & EOT)": 0.001, "_timestamp": 1599631260.2153912}
