{"_timestamp": 1605007457.602841, "_step": 0, "Learning Rate": 0.01, "_runtime": 3.4229495525360107}
