{"Learning Rate": 0.01, "_step": 0, "_runtime": 3.6809182167053223, "_timestamp": 1603810005.7579525}
