{"_timestamp": 1601120798.7525418, "_step": 0, "Learning Rate (Depth & EOT)": 0.01, "_runtime": 4.335361957550049}
