{"_timestamp": 1602433193.250582, "_runtime": 4.5145814418792725, "_step": 0, "Learning Rate": 0.003}
