{"_step": 0, "_runtime": 5.1695098876953125, "_timestamp": 1600237175.9696295, "Learning Rate (Depth & flag)": 0.01}
