{"Learning Rate (Depth & flag)": 0.01, "_timestamp": 1600238579.2570949, "_step": 0, "_runtime": 4.34479832649231}
