{"Learning Rate (Depth & EOT)": 0.001, "_step": 0, "_runtime": 5.146017789840698, "_timestamp": 1599636321.7976046}
