{"_timestamp": 1603291942.101349, "_step": 0, "_runtime": 3.402895927429199, "Learning Rate": 0.01}
