{"_step": 0, "_runtime": 3.831273078918457, "Learning Rate (Depth & EOT)": 0.01, "_timestamp": 1599997484.7306054}
