{"Learning Rate (Depth & EOT)": 0.01, "_timestamp": 1600170021.7796187, "_runtime": 4.666889905929565, "_step": 0}
