{"Learning Rate (Discriminator)": 0.001, "_step": 1, "_runtime": 4.4969494342803955, "_timestamp": 1598789571.437627, "Learning Rate (Generator)": 0.001}
