{"_step": 0, "Learning Rate": 0.003, "_timestamp": 1603293094.809131, "_runtime": 3.312497854232788}
