{"_runtime": 4.553577184677124, "Learning Rate (Depth & EOT)": 0.01, "_step": 0, "_timestamp": 1600752645.1188014}
