{"_timestamp": 1604306082.2696571, "_runtime": 4.036861181259155, "_step": 0, "Learning Rate": 0.01}
