{"_runtime": 4.1748340129852295, "Learning Rate": 0.01, "_timestamp": 1603094969.171204, "_step": 0}
