{"Learning Rate (Discriminator)": 0.001, "_timestamp": 1598786683.7184153, "_step": 1, "_runtime": 4.592911958694458, "Learning Rate (Generator)": 0.001}
