{"_step": 0, "_runtime": 3.304607629776001, "_timestamp": 1603293101.7655644, "Learning Rate": 0.003}
