{"_timestamp": 1601132744.3883462, "_step": 0, "_runtime": 4.337687969207764, "Learning Rate (Depth & EOT)": 0.01}
