{"Learning Rate (Depth & EOT)": 0.01, "_step": 3, "_runtime": 7.653870582580566, "_timestamp": 1601206992.9699626, "Train Recall": 1.0, "Train-#N accepted trajectory(Perfect EOT without FN, FP)": 0, "Train Precision": 0.0042621913657326475, "Train F1-score": 0.00848820438004609, "graph_0": {"_type": "graph-file", "path": "media/graph/graph_0_summary_bed7bcb9.graph.json", "sha256": "bed7bcb993ba87fdd825a583725b4fb9d43462ad2507afcafcccf232f63e1021", "size": 3774}, "val-#N accepted trajectory(Perfect EOT without FN, FP)": 0, "val Precision": 0.004614790500096544, "val F1-score": 0.009187184070422265, "val Recall": 1.0, "Train Loss": 295.0653991699219, "Validation Loss": 2449.882568359375}
