{"Learning Rate (Depth & EOT)": 0.001, "_step": 0, "_runtime": 5.2526140213012695, "_timestamp": 1599641634.6824226}
