{"_step": 0, "Learning Rate (Depth & EOT)": 0.001, "_timestamp": 1599585523.7748854, "_runtime": 4.526682376861572}
