{"_runtime": 7.470626354217529, "Learning Rate (Depth & EOT)": 0.01, "_timestamp": 1601207703.0996783, "_step": 3, "Train Recall": 1.0, "Train F1-score": 0.00890001390627173, "Train-#N accepted trajectory(Perfect EOT without FN, FP)": 0, "Train Precision": 0.004469898030451181, "graph_0": {"_type": "graph-file", "path": "media/graph/graph_0_summary_e6590c7f.graph.json", "sha256": "e6590c7ff764cad4432e2667f3c6895bf6f29e33f035c86e52f84b85db703991", "size": 3774}, "val-#N accepted trajectory(Perfect EOT without FN, FP)": 0, "val F1-score": 0.008471922621946976, "val Recall": 1.0, "val Precision": 0.004253981009949249, "Train Loss": 786.5170288085938, "Validation Loss": 545.4547729492188}
