{"_timestamp": 1601196782.1711493, "_runtime": 4.544437885284424, "Learning Rate (Depth & EOT)": 0.01, "_step": 0}
