{"_step": 1, "_runtime": 4.469059228897095, "Learning Rate (Discriminator)": 0.001, "_timestamp": 1598789624.9065251, "Learning Rate (Generator)": 0.001}
