{"_timestamp": 1599585172.3370187, "_step": 0, "_runtime": 4.730212926864624, "Learning Rate (Depth & EOT)": 0.001}
