{"_timestamp": 1603289566.399665, "Learning Rate": 0.003, "_runtime": 3.3287110328674316, "_step": 0}
