{"Learning Rate (Depth & EOT)": 0.01, "_runtime": 4.410642623901367, "_step": 0, "_timestamp": 1601132897.8081257}
