{"_runtime": 4.566944599151611, "_timestamp": 1600170031.3940322, "_step": 0, "Learning Rate (Depth & EOT)": 0.01}
