{"Learning Rate (Discriminator)": 0.001, "_runtime": 4.512190818786621, "_step": 1, "_timestamp": 1598786602.7861872, "Learning Rate (Generator)": 0.001}
