{"_step": 0, "_runtime": 4.760979413986206, "Learning Rate (Depth & EOT)": 0.001, "_timestamp": 1599585102.8012104}
