{"_timestamp": 1600238378.7968495, "_runtime": 4.380779504776001, "Learning Rate (Depth & flag)": 0.01, "_step": 0}
