{"Learning Rate (Depth & EOT)": 0.001, "_runtime": 5.107648134231567, "_step": 0, "_timestamp": 1599636654.6631954}
