{"Learning Rate (Discriminator)": 0.001, "_runtime": 5.045554876327515, "_timestamp": 1599638931.8239782, "_step": 1, "Learning Rate (Generator)": 0.001}
