{"_step": 0, "_timestamp": 1603277500.955897, "_runtime": 3.061689615249634, "Learning Rate": 0.01}
