{"_timestamp": 1600266588.0152807, "Learning Rate (Discriminator)": 0.01, "_runtime": 14.426384687423706, "_step": 14, "Learning Rate (Generator)": 0.01, "Train F1-score": 0.008519701810436634, "Train Recall": 1.0, "Train Precision": 0.0042780748663101605, "Train-#N accepted trajectory(Perfect EOT without FN, FP)": 0, "graph_0": {"_type": "graph-file", "path": "media/graph/graph_0_summary_7726e552.graph.json", "sha256": "7726e552e75898ea3c0b388c5c02d1462a747f359547f97799baebf979149d5e", "size": 3866}, "validation F1-score": 0.008693195797377462, "validation Precision": 0.004365573290379265, "validation-#N accepted trajectory(Perfect EOT without FN, FP)": 0, "validation Recall": 1.0, "Validation Loss": 6032.22998046875, "Discriminator Loss": 66.79314422607422, "Generator Loss": 1357.211181640625}
