{"_runtime": 4.461626291275024, "_timestamp": 1601204986.124504, "_step": 0, "Learning Rate (Depth & EOT)": 0.01}
