{"Learning Rate (Depth & EOT)": 0.01, "_timestamp": 1600184204.1035209, "_step": 0, "_runtime": 4.530951023101807}
