{"_step": 0, "Learning Rate (Depth & flag)": 0.01, "_runtime": 4.376589775085449, "_timestamp": 1600237755.3152573}
