{"_timestamp": 1599582623.3132634, "_step": 0, "_runtime": 5.509368181228638, "Learning Rate (Depth & EOT)": 0.001}
