{"_runtime": 4.6255552768707275, "_timestamp": 1600169813.3838127, "Learning Rate (Depth & EOT)": 0.01, "_step": 0}
