{"_step": 3, "Learning Rate (Depth & EOT)": 0.01, "_runtime": 7.06775689125061, "_timestamp": 1601127213.8639784, "Train F1-score": 0.008602439598104774, "Train-#N accepted trajectory(Perfect EOT without FN, FP)": 0, "Train Recall": 1.0, "Train Precision": 0.0043198002092403225, "graph_0": {"_type": "graph-file", "path": "media/graph/graph_0_summary_22e7822f.graph.json", "sha256": "22e7822fab1d0f511c0284c8c245e1854c9b095a89254b9b30fa4097c8f8cac5", "size": 3774}, "Validation-#N accepted trajectory(Perfect EOT without FN, FP)": 0, "Validation Recall": 1.0, "Validation F1-score": 0.008844396928758868, "Validation Precision": 0.004441841167569678, "Validation Loss": 491.3981628417969, "Train Loss": 1504.5780029296875}
