{"_timestamp": 1601132721.6970453, "_runtime": 4.3275415897369385, "Learning Rate (Depth & EOT)": 0.01, "_step": 0}
