{"_step": 0, "_timestamp": 1601205431.7489386, "Learning Rate (Depth & EOT)": 0.01, "_runtime": 4.451374053955078}
