{"_runtime": 5.198757171630859, "_timestamp": 1599641700.8035786, "_step": 0, "Learning Rate (Depth & EOT)": 0.001}
