{"_runtime": 4.577791690826416, "_timestamp": 1600171182.3032796, "_step": 0, "Learning Rate (Depth & EOT)": 0.01}
