{"_step": 0, "_runtime": 4.591536521911621, "_timestamp": 1602433150.1271684, "Learning Rate": 0.003}
