{"_timestamp": 1598795146.3011637, "_runtime": 7.796594858169556, "Learning Rate (Discriminator)": 0.001, "_step": 4, "Learning Rate (Generator)": 0.001, "Train F1-score": 0.008714893617021277, "Train-#N accepted trajectory(Perfect EOT without FN, FP)": 0, "Train Recall": 1.0, "Train Precision": 0.004376517249632441, "graph_0": {"_type": "graph-file", "path": "media/graph/graph_0_summary_30aba07a.graph.json", "sha256": "30aba07af867d1123847a823cd96d74ffe4b9a7ebd75ce097fdaba9887304bf3", "size": 3866}, "Validation Precision": 0.004262633207287728, "Validation F1-score": 0.008489080577805163, "Validation-#N accepted trajectory(Perfect EOT without FN, FP)": 0, "Validation Recall": 1.0, "Validation Loss": 2330.531005859375, "Discriminator Loss": 0.9430640935897827, "Generator Loss": 566.8634033203125}
