{"_step": 0, "Learning Rate (Depth & EOT)": 0.001, "_timestamp": 1599635991.578118, "_runtime": 5.2371721267700195}
