{"_timestamp": 1603273818.1061788, "_runtime": 17.45487666130066, "Learning Rate": 0.01, "_step": 7, "graph_0": {"_type": "graph-file", "path": "media/graph/graph_0_summary_185003e8.graph.json", "sha256": "185003e8efe9e9fc6cb6e35f031326d2129c5e0151d9e8684da965b9ea528340", "size": 4150}, "Train Loss": 165.1436767578125, "Validation Loss": 176.0219268798828, "Epoch Validation Loss": 184.0811737060547, "Epoch Train Loss": 238.29541931152343}
