{"_timestamp": 1603086716.1142938, "Learning Rate": 0.01, "_step": 0, "_runtime": 4.109278917312622}
