{"_runtime": 4.3834686279296875, "Learning Rate (Depth & EOT)": 0.01, "_timestamp": 1601226131.3580709, "_step": 0}
