{"Learning Rate (Depth & EOT)": 0.001, "_timestamp": 1599640169.3298523, "_step": 0, "_runtime": 5.084747076034546}
