{"_step": 0, "Learning Rate (Depth & EOT)": 0.001, "_timestamp": 1599585577.6145873, "_runtime": 4.668334722518921}
