{"_runtime": 4.454723834991455, "Learning Rate (Depth & EOT)": 0.01, "_step": 0, "_timestamp": 1601124781.0625558}
