{"_step": 0, "_timestamp": 1600752056.6206706, "Learning Rate (Depth & EOT)": 0.01, "_runtime": 4.740273475646973}
