{"Learning Rate (Depth & EOT)": 0.01, "_timestamp": 1599998647.8295941, "_runtime": 3.8878273963928223, "_step": 0}
