{"_runtime": 3.3641140460968018, "Learning Rate": 0.003, "_timestamp": 1603293374.49842, "_step": 0}
