{"_timestamp": 1599640194.7670512, "Learning Rate (Depth & EOT)": 0.001, "_step": 0, "_runtime": 5.010287046432495}
