{"_timestamp": 1600237655.3822992, "_runtime": 4.287707328796387, "Learning Rate (Depth & flag)": 0.01, "_step": 0}
