{"_timestamp": 1605007370.1513116, "_runtime": 3.420560836791992, "_step": 0, "Learning Rate": 0.01}
