{"Learning Rate": 0.003, "_step": 0, "_timestamp": 1602433424.0388856, "_runtime": 4.813477993011475}
