{"Learning Rate (Depth & EOT)": 0.01, "_timestamp": 1600065859.717445, "_runtime": 3.8418917655944824, "_step": 0}
