{"Learning Rate (Depth & EOT)": 0.001, "_step": 0, "_runtime": 4.864606142044067, "_timestamp": 1599585180.841059}
