{"_step": 1, "_runtime": 5.1216418743133545, "_timestamp": 1600928954.5615015, "Learning Rate (Depth & EOT)": 0.01, "Train-#N accepted trajectory(Perfect EOT without FN, FP)": 0, "Train F1-score": 0.008696242951287451, "Train Precision": 0.004367110201296486, "Train Recall": 1.0, "graph_0": {"_type": "graph-file", "path": "media/graph/graph_0_summary_bb75eac8.graph.json", "sha256": "bb75eac8e1d1cb2fd6b525318078f6b41b787edb474df3d115a755f2f3c869c0", "size": 3774}}
