{"Learning Rate (Depth & EOT)": 0.01, "_runtime": 5.475186824798584, "_step": 0, "_timestamp": 1600698582.38661}
