{"_timestamp": 1603291905.2611349, "Learning Rate": 0.01, "_runtime": 3.4870104789733887, "_step": 0}
