{"_timestamp": 1601132409.8929346, "_step": 0, "Learning Rate (Depth & EOT)": 0.01, "_runtime": 4.4569854736328125}
