{"_step": 0, "_timestamp": 1599645352.3298228, "Learning Rate (Depth & EOT)": 0.001, "_runtime": 4.937754392623901}
