{"_step": 0, "_timestamp": 1603087018.580623, "Learning Rate": 0.01, "_runtime": 4.218989133834839}
