{"_runtime": 4.551662445068359, "Learning Rate": 0.003, "_step": 0, "_timestamp": 1602433404.586825}
