{"_timestamp": 1601132812.252578, "_step": 0, "Learning Rate (Depth & EOT)": 0.01, "_runtime": 4.3475282192230225}
