{"_timestamp": 1599645406.2529948, "_step": 0, "_runtime": 5.162536144256592, "Learning Rate (Depth & EOT)": 0.001}
