{"_timestamp": 1598789478.630976, "_runtime": 4.5261499881744385, "_step": 1, "Learning Rate (Discriminator)": 0.001, "Learning Rate (Generator)": 0.001}
