{"Learning Rate (Depth & EOT)": 0.001, "_step": 0, "_timestamp": 1599544299.0919764, "_runtime": 5.735452651977539}
