{"Learning Rate": 0.01, "_step": 0, "_timestamp": 1603292097.9600973, "_runtime": 3.3640239238739014}
