{"_step": 0, "_timestamp": 1600698849.3240736, "_runtime": 5.03484034538269, "Learning Rate (Depth & EOT)": 0.01}
