{"_runtime": 9.682183980941772, "_step": 7, "Learning Rate (Depth & EOT)": 0.01, "_timestamp": 1600266765.8471293, "Train-#N accepted trajectory(Perfect EOT without FN, FP)": 0, "Train F1-score": 0.008923280699919831, "Train Precision": 0.004481635797065929, "Train Recall": 1.0, "graph_0": {"_type": "graph-file", "path": "media/graph/graph_0_summary_dd71eb12.graph.json", "sha256": "dd71eb125cf6cefe72cf56680399b8c47a62f45c96932debcd43390bd6eacc15", "size": 3774}, "validation F1-score": 0.008667054291736318, "validation Precision": 0.004352388338884073, "validation-#N accepted trajectory(Perfect EOT without FN, FP)": 0, "validation Recall": 1.0, "Train Loss": 699.7891845703125, "Validation Loss": 333.2187805175781}
