{"Learning Rate (Depth & EOT)": 0.001, "_timestamp": 1599582582.1419804, "_runtime": 5.578671932220459, "_step": 0}
