{"_step": 0, "_timestamp": 1599579276.7243636, "_runtime": 4.577132225036621, "Learning Rate (Depth & EOT)": 0.001}
