{"_step": 5, "_runtime": 8.193575620651245, "Learning Rate (Discriminator)": 0.001, "_timestamp": 1598796117.3521307, "Learning Rate (Generator)": 0.001, "Train Precision": 0.004464908608901912, "Train Recall": 1.0, "Train F1-score": 0.008890123628281706, "Train-#N accepted trajectory(Perfect EOT without FN, FP)": 0, "graph_0": {"_type": "graph-file", "path": "media/graph/graph_0_summary_2c10deb8.graph.json", "sha256": "2c10deb85900ff4c153bafdf7d9358f2615002ec2ddd12cf7f1aab8a74038e47", "size": 3866}, "Validation Recall": 1.0, "Validation-#N accepted trajectory(Perfect EOT without FN, FP)": 0, "Validation Precision": 0.004250283983339644, "Validation F1-score": 0.008464591050910084, "Validation Loss": 7064.73046875, "Generator Loss": 1324.9654541015625, "Discriminator Loss": 0.25946348905563354, "DISPLACEMENT VISUALIZATION": {"_type": "plotly-file", "path": "media/plotly/DISPLACEMENT VISUALIZATION_5_2dd8ff3c.plotly.json", "sha256": "2dd8ff3c14618b295e68bb60ed3d39c24beda2387695069d3fbc2cf195aa02c9", "size": 574334}}
