{"_step": 0, "_runtime": 3.451749086380005, "Learning Rate": 0.01, "_timestamp": 1603291864.734817}
