{"_runtime": 8.048119306564331, "_timestamp": 1598795885.1414409, "_step": 5, "Learning Rate (Discriminator)": 0.001, "Learning Rate (Generator)": 0.001, "Train Recall": 1.0, "Train-#N accepted trajectory(Perfect EOT without FN, FP)": 0, "Train Precision": 0.004449697559618994, "Train F1-score": 0.00885997092822039, "graph_0": {"_type": "graph-file", "path": "media/graph/graph_0_summary_eaa12e9a.graph.json", "sha256": "eaa12e9a025b1f7f9c24f707a8b43d36da2d2f92c6046d2e1d5486d54b724345", "size": 3866}, "Validation Recall": 1.0, "Validation F1-score": 0.008637484764436596, "Validation Precision": 0.00433747481854897, "Validation-#N accepted trajectory(Perfect EOT without FN, FP)": 0, "Discriminator Loss": 0.4609253704547882, "Validation Loss": 1535.65234375, "Generator Loss": 395.56719970703125, "DISPLACEMENT VISUALIZATION": {"_type": "plotly-file", "path": "media/plotly/DISPLACEMENT VISUALIZATION_5_e2786e93.plotly.json", "sha256": "e2786e93ad0c98c96469a7480fb81d97334f2ddb3263b5d43bd73b1ac51d3cf8", "size": 583331}}
