{"_timestamp": 1600174004.3230474, "_step": 1, "Learning Rate (Depth & EOT)": 0.01, "_runtime": 7.052461385726929, "Train F1-score": NaN, "Train Recall": 0.0, "Train-#N accepted trajectory(Perfect EOT without FN, FP)": 0, "Train Precision": NaN, "graph_0": {"_type": "graph-file", "path": "media/graph/graph_0_summary_b5957f38.graph.json", "sha256": "b5957f387216511d9df85d30216b8e80d2b600227fd41ebef626147b391faec1", "size": 3774}}
