{"_timestamp": 1599585412.2643611, "Learning Rate (Depth & EOT)": 0.001, "_runtime": 4.4437127113342285, "_step": 0}
