{"_timestamp": 1600239967.331147, "_runtime": 4.294710397720337, "Learning Rate (Depth & flag)": 0.01, "_step": 0}
