{"_step": 1, "Learning Rate": 0.01, "_timestamp": 1605018657.0020819, "_runtime": 5.253627777099609, "graph_0": {"_type": "graph-file", "path": "media/graph/graph_0_summary_ac0f8921.graph.json", "sha256": "ac0f8921bf50c797281a8bcadd684e1f3fbb0016d8f842288bd9ba7d83bb8c59", "size": 3986}, "Validation Loss": 17548.310546875, "Train Loss": 4715.3212890625}
