{"Learning Rate (Depth & EOT)": 0.01, "_timestamp": 1601130496.934893, "_step": 1, "_runtime": 5.278524875640869, "Train Precision": 0.0044081688879705205, "Train-#N accepted trajectory(Perfect EOT without FN, FP)": 0, "Train Recall": 1.0, "Train F1-score": 0.008777644436824963, "graph_0": {"_type": "graph-file", "path": "media/graph/graph_0_summary_379ae877.graph.json", "sha256": "379ae87777496cc660b13fb235c591dee71ea64638978daa477b2d09c24701b2", "size": 3774}}
