{"_step": 3, "Learning Rate (Depth & EOT)": 0.01, "_timestamp": 1601206764.4218838, "_runtime": 7.292445659637451, "Train Recall": 1.0, "Train-#N accepted trajectory(Perfect EOT without FN, FP)": 0, "Train Precision": 0.004244454023941373, "Train F1-score": 0.008453029552583785, "graph_0": {"_type": "graph-file", "path": "media/graph/graph_0_summary_af78a01d.graph.json", "sha256": "af78a01d3525531cce46ba71d810f837446aaac83f7898c45c2c3066aa429bd3", "size": 3774}, "val-#N accepted trajectory(Perfect EOT without FN, FP)": 0, "val F1-score": 0.008656093408865763, "val Precision": 0.0043468601180414014, "val Recall": 1.0, "Validation Loss": 68848.546875, "Train Loss": 12370.9521484375}
