{"_runtime": 7.130968809127808, "Learning Rate (Depth & EOT)": 0.01, "_step": 3, "_timestamp": 1601206794.2326381, "Train-#N accepted trajectory(Perfect EOT without FN, FP)": 0, "Train Recall": 1.0, "Train Precision": 0.004429219004117789, "Train F1-score": 0.008819375064595032, "graph_0": {"_type": "graph-file", "path": "media/graph/graph_0_summary_315badbf.graph.json", "sha256": "315badbf71731cc6a1d59e12f7f4f8a4790f69122308f33d47d1fa89cb5729ec", "size": 3774}, "val Precision": 0.004359825981194742, "val Recall": 1.0, "val-#N accepted trajectory(Perfect EOT without FN, FP)": 0, "val F1-score": 0.008681800821603898, "Validation Loss": 7670.31640625, "Train Loss": 4116.6455078125}
