{"Learning Rate (Depth & flag)": 0.01, "_step": 0, "_timestamp": 1600240074.047119, "_runtime": 4.242200136184692}
