{"_timestamp": 1600238458.8751395, "_step": 0, "Learning Rate (Depth & flag)": 0.01, "_runtime": 4.376054525375366}
