{"_step": 25, "_timestamp": 1603286375.893258, "Learning Rate": 0.01, "_runtime": 57.285295248031616, "graph_0": {"_type": "graph-file", "path": "media/graph/graph_0_summary_f1c3fb1c.graph.json", "sha256": "f1c3fb1ca27ef98268ee2a879ac68ef9d1713d347e7a7a3051942bdc9a18879e", "size": 4150}, "Validation Loss": 87.93717956542969, "Train Loss": 99.76847076416016, "Epoch Validation Loss": 148.93619079589843, "Epoch Train Loss": 152.10100708007812}
