{"_step": 0, "_runtime": 3.1493093967437744, "_timestamp": 1603274919.0213864, "Learning Rate": 0.01}
