{"_step": 1, "_runtime": 4.501149654388428, "Learning Rate (Discriminator)": 0.001, "_timestamp": 1598788194.0023012, "Learning Rate (Generator)": 0.001}
