{"_runtime": 4.405067205429077, "_timestamp": 1601132714.1284544, "Learning Rate (Depth & EOT)": 0.01, "_step": 0}
