{"_runtime": 4.259946346282959, "Learning Rate (Depth & EOT)": 0.01, "_timestamp": 1600923988.0933104, "_step": 0}
