{"Learning Rate (Discriminator)": 0.001, "_timestamp": 1598789534.2188046, "_step": 1, "_runtime": 4.444220066070557, "Learning Rate (Generator)": 0.001}
