{"Learning Rate (Depth & EOT)": 0.01, "_runtime": 4.063577175140381, "_step": 0, "_timestamp": 1600923578.408847}
