{"_runtime": 4.304491996765137, "_timestamp": 1601133674.9085653, "Learning Rate (Depth & EOT)": 0.01, "_step": 0}
