{"_timestamp": 1600237628.0193944, "_step": 0, "Learning Rate (Depth & flag)": 0.01, "_runtime": 4.337324619293213}
