{"_step": 0, "_timestamp": 1599582534.1036503, "_runtime": 5.492706060409546, "Learning Rate (Depth & EOT)": 0.001}
