{"_step": 8, "_runtime": 20.02115297317505, "_timestamp": 1603284736.9405978, "Learning Rate": 0.01, "graph_0": {"_type": "graph-file", "path": "media/graph/graph_0_summary_e2995f8f.graph.json", "sha256": "e2995f8f0154dcb3770b4428ae95a0979ac69d0e18d1a4e0cf7c7bd70b5a6040", "size": 4150}, "Train Loss": 168.07916259765625, "Validation Loss": 193.2415771484375, "Epoch Validation Loss": 1139.9959442138672, "Epoch Train Loss": 2098.435250854492}
