{"_step": 1, "_timestamp": 1598793029.604497, "_runtime": 4.741649627685547, "Learning Rate (Discriminator)": 0.001, "Learning Rate (Generator)": 0.001}
