{"_step": 0, "Learning Rate (Depth & EOT)": 0.01, "_runtime": 4.294306755065918, "_timestamp": 1601132456.698133}
