{"Learning Rate (Depth & EOT)": 0.001, "_step": 7, "_runtime": 12.737846612930298, "_timestamp": 1599637937.1112866, "Train F1-score": 0.008654655991945556, "Train Precision": 0.004346135148274186, "Train-#N accepted trajectory(Perfect EOT without FN, FP)": 0, "Train Recall": 1.0, "graph_0": {"_type": "graph-file", "path": "media/graph/graph_0_summary_07a69fa1.graph.json", "sha256": "07a69fa1bf6c58d77610a336ba6428f04827a90ce7a42ef41e988c17c59c3b2d", "size": 3791}, "Validation-#N accepted trajectory(Perfect EOT without FN, FP)": 0, "Validation Precision": 0.0044997794225773245, "Validation Recall": 1.0, "Validation F1-score": 0.008959244222361024, "Validation Loss": 36691.44140625, "Train Loss": 416256.96875}
