{"Learning Rate": 0.003, "_step": 0, "_timestamp": 1603300366.0088973, "_runtime": 3.119325637817383}
