{"_runtime": 5.160829544067383, "_timestamp": 1599637909.3250048, "Learning Rate (Depth & EOT)": 0.001, "_step": 0}
