{"_runtime": 4.476554870605469, "_timestamp": 1601125866.1065545, "Learning Rate (Depth & EOT)": 0.01, "_step": 0}
