{"_runtime": 5.4731285572052, "_step": 1, "_timestamp": 1600265911.353835, "Learning Rate (Depth & EOT)": 0.01, "Train-#N accepted trajectory(Perfect EOT without FN, FP)": 0, "Train F1-score": 0.008581532943365234, "Train Precision": 0.004309256484926019, "Train Recall": 1.0, "graph_0": {"_type": "graph-file", "path": "media/graph/graph_0_summary_5e298284.graph.json", "sha256": "5e298284e4096feab8ffc5ec31e12eda72472565f3e45a1429fd70aeb34021d9", "size": 3774}}
