{"_runtime": 3.267845392227173, "_step": 0, "Learning Rate": 0.003, "_timestamp": 1603290105.435253}
