{"_runtime": 4.444640874862671, "Learning Rate (Depth & flag)": 0.01, "_step": 0, "_timestamp": 1600238395.6489224}
