{"Learning Rate": 0.005, "_timestamp": 1599985548.8067212, "_step": 0, "_runtime": 4.149381160736084}
