{"_timestamp": 1600267511.5464482, "_step": 7, "_runtime": 9.476389646530151, "Learning Rate (Depth & EOT)": 0.01, "Train Recall": 1.0, "Train Precision": 0.004415467936113698, "Train F1-score": 0.008792114572243019, "Train-#N accepted trajectory(Perfect EOT without FN, FP)": 0, "graph_0": {"_type": "graph-file", "path": "media/graph/graph_0_summary_38f00989.graph.json", "sha256": "38f00989c35b761cecbd44c01c6e5832860b05c3582867fad57af3adfda61540", "size": 3774}, "Validation F1-score": 0.008913374981553446, "Validation Precision": 0.004476638469444225, "Validation-#N accepted trajectory(Perfect EOT without FN, FP)": 0, "Validation Recall": 1.0, "Validation Loss": 18466.310546875, "Train Loss": 5688.5810546875}
