{"_runtime": 4.663769483566284, "Learning Rate (Depth & EOT)": 0.001, "_step": 0, "_timestamp": 1599585164.2040124}
