{"Learning Rate (Depth & EOT)": 0.001, "_step": 0, "_timestamp": 1599631087.856141, "_runtime": 5.136702060699463}
