{"_runtime": 3.800328254699707, "_step": 0, "_timestamp": 1600065517.23615, "Learning Rate (Depth & EOT)": 0.01}
