{"_runtime": 5.301577568054199, "_timestamp": 1599581751.0686116, "Learning Rate (Depth & EOT)": 0.001, "_step": 0}
