{"_runtime": 4.192178249359131, "_timestamp": 1601135792.9648468, "_step": 0, "Learning Rate (Depth & EOT)": 0.01}
