{"Learning Rate (Depth & EOT)": 0.01, "_runtime": 4.585438013076782, "_timestamp": 1600170052.6815424, "_step": 0}
