{"_timestamp": 1598787524.4596589, "_runtime": 4.603130102157593, "_step": 1, "Learning Rate (Discriminator)": 0.001, "Learning Rate (Generator)": 0.001}
