{"_step": 0, "_runtime": 4.969745397567749, "Learning Rate (Depth & EOT)": 0.001, "_timestamp": 1599636611.8707614}
