{"_runtime": 4.950883626937866, "_step": 0, "Learning Rate (Depth & EOT)": 0.001, "_timestamp": 1599544415.2939317}
