{"_runtime": 7.32099461555481, "_step": 3, "Learning Rate (Depth & EOT)": 0.01, "_timestamp": 1601206703.9909463, "Train-#N accepted trajectory(Perfect EOT without FN, FP)": 0, "Train Recall": 0.859375, "Train F1-score": 0.01018141429100333, "Train Precision": 0.005121042830540037, "graph_0": {"_type": "graph-file", "path": "media/graph/graph_0_summary_ceeca982.graph.json", "sha256": "ceeca982e6a9965a7df4fc33d209e795fb816626bd62e76d3ba54fefd5a67cfd", "size": 3774}, "val Recall": 1.0, "val-#N accepted trajectory(Perfect EOT without FN, FP)": 0, "val F1-score": 0.008615895101005817, "val Precision": 0.00432658625717153, "Train Loss": 7292.630859375, "Validation Loss": 23978.861328125}
