{"_timestamp": 1600168466.1161554, "_runtime": 4.664559841156006, "_step": 0, "Learning Rate (Depth & EOT)": 0.01}
