{"_timestamp": 1603291671.3541725, "_step": 0, "_runtime": 3.4880731105804443, "Learning Rate": 0.01}
