{"_step": 1, "_timestamp": 1600174031.6094472, "Learning Rate (Depth & EOT)": 0.01, "_runtime": 7.045409917831421, "Train F1-score": 0.008828803972961789, "Train Recall": 1.0, "Train Precision": 0.0044339753360121935, "Train-#N accepted trajectory(Perfect EOT without FN, FP)": 0, "graph_0": {"_type": "graph-file", "path": "media/graph/graph_0_summary_a4169c4e.graph.json", "sha256": "a4169c4e852430302f9f9e2d86a02fe5ddc7b4b87ec964b2a48ab2202a95f3f2", "size": 3774}}
