{"_timestamp": 1602433159.4591913, "_step": 0, "_runtime": 4.518085956573486, "Learning Rate": 0.003}
