{"_step": 6, "_timestamp": 1598796323.5511675, "_runtime": 8.80156135559082, "Learning Rate (Discriminator)": 0.001, "Learning Rate (Generator)": 0.001, "Train Recall": 1.0, "Train-#N accepted trajectory(Perfect EOT without FN, FP)": 0, "Train Precision": 0.004351669273135242, "Train F1-score": 0.008665628596574368, "graph_0": {"_type": "graph-file", "path": "media/graph/graph_0_summary_8103d5c0.graph.json", "sha256": "8103d5c0d01849ea7c67ece652fb6b926d30fd59c2997a94d32714fb66d55ea2", "size": 3866}, "Validation Recall": 1.0, "Validation Precision": 0.004501575551443005, "Validation F1-score": 0.008962804361898122, "Validation-#N accepted trajectory(Perfect EOT without FN, FP)": 0, "Generator Loss": 86.32443237304688, "Discriminator Loss": 1.1388813257217407, "Validation Loss": 132.5715789794922, "DISPLACEMENT VISUALIZATION": {"_type": "plotly-file", "path": "media/plotly/DISPLACEMENT VISUALIZATION_5_6e0fb8fb.plotly.json", "sha256": "6e0fb8fb5e95aa142ccc50f10f1b8195b6c33cfa94653843130b6433adb2ddad", "size": 616653}, "PITCH SCALED : Trajectory Visualization(Col1=Train, Col2=Val)": {"_type": "html-file", "path": "media/html/PITCH SCALED : Trajectory Visualization(Col1=Train, Col2=Val)_6_d770b695.html", "sha256": "d770b6950ef692063ddb18fa031018e7ac6337bd290801edb5ed48e2d89fb66c", "size": 4094839}}
