{"_timestamp": 1600237721.5466588, "_step": 0, "_runtime": 4.380351781845093, "Learning Rate (Depth & flag)": 0.01}
