{"_step": 0, "_timestamp": 1599581298.091705, "Learning Rate (Depth & EOT)": 0.001, "_runtime": 5.512048959732056}
