{"_step": 0, "_timestamp": 1600924091.6515749, "Learning Rate (Depth & EOT)": 0.01, "_runtime": 4.267344951629639}
