{"_step": 3, "_timestamp": 1601126229.9039385, "Learning Rate (Depth & EOT)": 0.01, "_runtime": 6.8659138679504395, "Train Recall": 1.0, "Train-#N accepted trajectory(Perfect EOT without FN, FP)": 0, "Train Precision": 0.004251008784311121, "Train F1-score": 0.00846602840749376, "graph_0": {"_type": "graph-file", "path": "media/graph/graph_0_summary_0e1674f2.graph.json", "sha256": "0e1674f2da2c9edae5a9cc174c8e175b6f91e3f2c7e83b310d7dbae929079e07", "size": 3774}, "Validation-#N accepted trajectory(Perfect EOT without FN, FP)": 0, "Validation Recall": 1.0, "Validation F1-score": 0.008496528857113252, "Validation Precision": 0.004266389177939646, "Validation Loss": 50613.16796875, "Train Loss": 11244.34765625}
