{"_timestamp": 1599994797.6824055, "_runtime": 3.7112977504730225, "Learning Rate (Depth & EOT)": 0.01, "_step": 0}
