{"_timestamp": 1605002828.5585985, "Learning Rate": 0.01, "_step": 0, "_runtime": 3.4260427951812744}
