{"_runtime": 6.84439754486084, "_step": 3, "_timestamp": 1601126245.43995, "Learning Rate (Depth & EOT)": 0.01, "Train Precision": 0.004422179996545172, "Train-#N accepted trajectory(Perfect EOT without FN, FP)": 0, "Train F1-score": 0.008805420837202904, "Train Recall": 1.0, "graph_0": {"_type": "graph-file", "path": "media/graph/graph_0_summary_aebd3c13.graph.json", "sha256": "aebd3c13180feaaa6f52970491a188b2e873020823e390ee42f60d841ce94e9c", "size": 3774}, "Validation-#N accepted trajectory(Perfect EOT without FN, FP)": 0, "Validation F1-score": 0.008710492693071706, "Validation Precision": 0.004374297489696515, "Validation Recall": 1.0, "Train Loss": 15889.091796875, "Validation Loss": 53514.15234375}
