{"_step": 0, "Learning Rate (Depth & EOT)": 0.001, "_timestamp": 1599630930.7052927, "_runtime": 5.057981014251709}
