{"_timestamp": 1600171216.9036348, "Learning Rate (Depth & EOT)": 0.01, "_step": 0, "_runtime": 4.692069053649902}
