{"_timestamp": 1605008497.2719111, "Learning Rate": 0.01, "_step": 0, "_runtime": 3.3132340908050537}
