{"_timestamp": 1599582332.3429437, "Learning Rate (Depth & EOT)": 0.001, "_runtime": 5.232158422470093, "_step": 0}
