{"_timestamp": 1599581243.168265, "_runtime": 4.619927644729614, "_step": 0, "Learning Rate (Depth & EOT)": 0.001}
