{"_runtime": 4.64647650718689, "Learning Rate (Depth & EOT)": 0.001, "_step": 0, "_timestamp": 1599585210.9313388}
