{"_runtime": 4.620757579803467, "_step": 0, "_timestamp": 1600169277.0097485, "Learning Rate (Depth & EOT)": 0.01}
