{"_step": 0, "_timestamp": 1601133387.3569605, "Learning Rate (Depth & EOT)": 0.01, "_runtime": 4.227841854095459}
