{"_runtime": 5.239338159561157, "_timestamp": 1599584883.3688257, "_step": 0, "Learning Rate (Depth & EOT)": 0.001}
