{"_timestamp": 1599998552.6743388, "Learning Rate (Depth & EOT)": 0.01, "_runtime": 3.795274257659912, "_step": 0}
