{"_runtime": 4.338006973266602, "_step": 0, "Learning Rate (Depth & EOT)": 0.01, "_timestamp": 1601132398.076055}
