{"Learning Rate (Depth & EOT)": 0.01, "_runtime": 4.352702617645264, "_timestamp": 1601130256.7615016, "_step": 0}
