{"_timestamp": 1599585225.9384184, "Learning Rate (Depth & EOT)": 0.001, "_step": 0, "_runtime": 4.400095224380493}
