{"_step": 0, "Learning Rate (Depth & EOT)": 0.01, "_runtime": 3.8160033226013184, "_timestamp": 1600065769.8643851}
