{"_timestamp": 1600065681.6009672, "_runtime": 3.7211780548095703, "_step": 0, "Learning Rate (Depth & EOT)": 0.01}
