{"Learning Rate (Depth & EOT)": 0.001, "_step": 0, "_runtime": 5.322900056838989, "_timestamp": 1599584920.0730407}
