{"Learning Rate": 0.01, "_timestamp": 1603291041.9729345, "_step": 0, "_runtime": 3.2466466426849365}
