{"_step": 0, "_runtime": 3.783015251159668, "Learning Rate": 0.01, "_timestamp": 1605018120.831187}
