{"Learning Rate (Discriminator)": 0.001, "_step": 6, "_runtime": 8.943999767303467, "_timestamp": 1598796617.1846905, "Learning Rate (Generator)": 0.001, "Train Recall": 1.0, "Train-#N accepted trajectory(Perfect EOT without FN, FP)": 0, "Train Precision": 0.004239252831688415, "Train F1-score": 0.00844271486049733, "graph_0": {"_type": "graph-file", "path": "media/graph/graph_0_summary_74261a97.graph.json", "sha256": "74261a9758fd8cf9776b20a02c40c881bedd557086242a9aae494a2deb713e86", "size": 3866}, "Validation Recall": 1.0, "Validation-#N accepted trajectory(Perfect EOT without FN, FP)": 0, "Validation Precision": 0.004386442894507411, "Validation F1-score": 0.00873457208734572, "Discriminator Loss": 0.4926374852657318, "Validation Loss": 3019.014404296875, "Generator Loss": 598.3543701171875, "DISPLACEMENT VISUALIZATION": {"_type": "plotly-file", "path": "media/plotly/DISPLACEMENT VISUALIZATION_5_6f18fd74.plotly.json", "sha256": "6f18fd74f7117d04dc8e68043d96d476859a8776f3ccc324ac709ff48850c990", "size": 433938}, "PITCH SCALED : Trajectory Visualization(Col1=Train, Col2=Val)": {"_type": "html-file", "path": "media/html/PITCH SCALED : Trajectory Visualization(Col1=Train, Col2=Val)_6_ee3af4ac.html", "sha256": "ee3af4ac63efcf426695241beb3b93899685418d064442ff0b01fa720a3d59b8", "size": 3856893}}
