{"_runtime": 4.862088680267334, "_step": 0, "Learning Rate (Depth & EOT)": 0.001, "_timestamp": 1599640183.6402774}
