{"_runtime": 4.356766939163208, "Learning Rate (Depth & EOT)": 0.01, "_step": 0, "_timestamp": 1601129994.5360768}
