{"_runtime": 9.808818817138672, "Learning Rate (Depth & EOT)": 0.01, "_timestamp": 1600680276.880859, "_step": 6, "Train-#N accepted trajectory(Perfect EOT without FN, FP)": 0, "Train F1-score": NaN, "Train Precision": NaN, "Train Recall": 0.0, "graph_0": {"_type": "graph-file", "path": "media/graph/graph_0_summary_260e6f22.graph.json", "sha256": "260e6f2210d8e78cdc170b26edc65959d93e327844917004f4a0ae7a1fe91494", "size": 3774}, "Validation Recall": 0.5352112676056338, "Validation Precision": 0.004836539510527656, "Validation F1-score": 0.009586449229660331, "Validation-#N accepted trajectory(Perfect EOT without FN, FP)": 0, "Train Loss": 1433.633544921875, "Validation Loss": 8089.48095703125}
