{"_runtime": 4.642719745635986, "Learning Rate (Depth & EOT)": 0.01, "_step": 0, "_timestamp": 1600184070.8728514}
