{"_step": 7, "_timestamp": 1603276980.0259645, "_runtime": 16.956266403198242, "Learning Rate": 0.01, "graph_0": {"_type": "graph-file", "path": "media/graph/graph_0_summary_bb942acf.graph.json", "sha256": "bb942acf40397d9010349daf36ccf5317b9c4b909b2f93f93c133960677fbc15", "size": 4150}, "Validation Loss": 471.53143310546875, "Train Loss": 541.4337158203125, "Epoch Validation Loss": 1190.7188232421875, "Epoch Train Loss": 1491.6271240234375}
