{"Learning Rate (Depth & EOT)": 0.01, "_timestamp": 1600752122.082325, "_step": 0, "_runtime": 4.660145282745361}
