{"_timestamp": 1601133782.0417476, "Learning Rate (Depth & EOT)": 0.01, "_runtime": 4.412870168685913, "_step": 0}
