{"_timestamp": 1603284631.3440711, "Learning Rate": 0.01, "_step": 9, "_runtime": 23.054256439208984, "graph_0": {"_type": "graph-file", "path": "media/graph/graph_0_summary_25e7de1a.graph.json", "sha256": "25e7de1aea6a6eb4bd85a8570c6a11a5e4edb2cd8b45db1619afcb0ff2e693b7", "size": 4150}, "Train Loss": 163.47378540039062, "Validation Loss": 221.4860076904297, "Epoch Train Loss": 10449.48974609375, "Epoch Validation Loss": 6554.394982910157}
