{"_timestamp": 1600922264.9660897, "_runtime": 4.836254358291626, "Learning Rate (Depth & EOT)": 0.01, "_step": 0}
