{"_runtime": 4.271334171295166, "_step": 0, "Learning Rate (Depth & flag)": 0.01, "_timestamp": 1600239180.2975786}
