{"_step": 0, "_timestamp": 1600170077.6429112, "_runtime": 4.660662651062012, "Learning Rate (Depth & EOT)": 0.01}
