{"_step": 0, "_timestamp": 1600923542.472466, "Learning Rate (Depth & EOT)": 0.01, "_runtime": 4.2031450271606445}
