{"_step": 0, "_timestamp": 1599991907.3031344, "_runtime": 3.719350814819336, "Learning Rate (Depth & EOT)": 0.01}
