{"_runtime": 4.447746276855469, "_step": 0, "Learning Rate (Depth & flag)": 0.01, "_timestamp": 1600238063.818955}
