{"Learning Rate (Depth & EOT)": 0.001, "_step": 0, "_timestamp": 1599637707.453083, "_runtime": 5.082908391952515}
