{"Learning Rate (Depth & EOT)": 0.01, "_step": 0, "_timestamp": 1600922402.8142695, "_runtime": 4.877656936645508}
