{"_step": 0, "_runtime": 4.704970359802246, "Learning Rate (Depth & EOT)": 0.01, "_timestamp": 1600171248.841701}
