{"Learning Rate (Depth & EOT)": 0.01, "_timestamp": 1599991889.8051047, "_runtime": 3.8373262882232666, "_step": 0}
