{"_step": 0, "_runtime": 4.643877983093262, "Learning Rate (Depth & EOT)": 0.01, "_timestamp": 1600169717.9367158}
