{"_step": 0, "_runtime": 4.231275320053101, "Learning Rate (Depth & EOT)": 0.01, "_timestamp": 1601134305.1516023}
