{"_timestamp": 1603291249.7961495, "Learning Rate": 0.01, "_step": 0, "_runtime": 3.346977472305298}
