{"_step": 0, "_runtime": 4.518680810928345, "_timestamp": 1601132107.3795066, "Learning Rate (Depth & EOT)": 0.01}
