{"_timestamp": 1599584909.480399, "_step": 0, "_runtime": 5.2581212520599365, "Learning Rate (Depth & EOT)": 0.001}
