{"_step": 0, "_timestamp": 1601128537.2256973, "Learning Rate (Depth & EOT)": 0.01, "_runtime": 4.284364461898804}
