{"_timestamp": 1599578406.6431122, "_runtime": 4.449493169784546, "Learning Rate (Depth & EOT)": 0.001, "_step": 0}
