{"_timestamp": 1600925036.5393317, "_step": 0, "_runtime": 4.339443206787109, "Learning Rate (Depth & EOT)": 0.01}
