{"_timestamp": 1600922587.4947224, "Learning Rate (Depth & EOT)": 0.01, "_step": 0, "_runtime": 4.312384366989136}
