{"_step": 0, "_timestamp": 1600924116.3912368, "Learning Rate (Depth & EOT)": 0.01, "_runtime": 4.121285915374756}
