{"_runtime": 3.3294596672058105, "_timestamp": 1603293140.7613852, "_step": 0, "Learning Rate": 0.003}
