{"Learning Rate (Depth & EOT)": 0.01, "_runtime": 4.397473335266113, "_step": 0, "_timestamp": 1601132303.4196143}
