{"_timestamp": 1605008578.1905472, "_runtime": 3.370197057723999, "_step": 0, "Learning Rate": 0.01}
