{"_timestamp": 1604306633.2085717, "_runtime": 3.9784481525421143, "_step": 0, "Learning Rate": 0.01}
