{"Learning Rate": 0.01, "_timestamp": 1604987511.5966842, "_runtime": 3.2439937591552734, "_step": 0}
