{"_step": 0, "_timestamp": 1600065575.468472, "_runtime": 3.816441774368286, "Learning Rate (Depth & EOT)": 0.01}
