{"Learning Rate (Discriminator)": 0.001, "_step": 13, "_timestamp": 1598793676.456808, "_runtime": 16.152495622634888, "Learning Rate (Generator)": 0.001, "Train Precision": 0.0043807861457638144, "Train F1-score": 0.008723357129470295, "Train Recall": 1.0, "Train-#N accepted trajectory(Perfect EOT without FN, FP)": 0, "graph_0": {"_type": "graph-file", "path": "media/graph/graph_0_summary_4cd84a17.graph.json", "sha256": "4cd84a17d6343b2f41baf3c2f523d1ebe005b6349a55521786063468669c7c85", "size": 3866}, "Validation Recall": 1.0, "Validation-#N accepted trajectory(Perfect EOT without FN, FP)": 0, "Validation Precision": 0.004323593987502111, "Validation F1-score": 0.00860996199508963, "Validation Loss": 42816.87109375, "Discriminator Loss": 1.0806041955947876, "Generator Loss": 7253.8955078125}
