{"Learning Rate (Depth & EOT)": 0.01, "_runtime": 5.824899196624756, "_timestamp": 1600061347.619048, "_step": 1, "Train F1-score": 0.008540877775368242, "Train-#N accepted trajectory(Perfect EOT without FN, FP)": 0, "Train Recall": 1.0, "Train Precision": 0.004288753748471294}
