{"_timestamp": 1599642927.795741, "_runtime": 5.444529294967651, "Learning Rate (Depth & EOT)": 0.001, "_step": 0}
