{"_step": 0, "Learning Rate (Depth & EOT)": 0.001, "_timestamp": 1599584898.7673068, "_runtime": 5.270230531692505}
