{"_runtime": 5.976228713989258, "Learning Rate (Depth & EOT)": 0.01, "_step": 1, "_timestamp": 1600699225.5936747, "Train Precision": 0.004428146405590535, "Train Recall": 1.0, "Train-#N accepted trajectory(Perfect EOT without FN, FP)": 0, "Train F1-score": 0.008817248742853206}
