{"_runtime": 4.8317344188690186, "_step": 0, "_timestamp": 1604306556.0655932, "Learning Rate": 0.01}
