{"Learning Rate": 0.01, "_step": 0, "_timestamp": 1603292207.1308534, "_runtime": 3.429105520248413}
