{"_timestamp": 1600266603.5687535, "_step": 11, "_runtime": 12.309267282485962, "Learning Rate (Discriminator)": 0.01, "Learning Rate (Generator)": 0.01, "Train Precision": 0.004325127979861123, "Train-#N accepted trajectory(Perfect EOT without FN, FP)": 0, "Train F1-score": 0.008613003616788628, "Train Recall": 1.0, "graph_0": {"_type": "graph-file", "path": "media/graph/graph_0_summary_44154076.graph.json", "sha256": "44154076a8583423f391a60fc2375a5751c134d03f2dcb827424a2251333afab", "size": 3866}, "validation-#N accepted trajectory(Perfect EOT without FN, FP)": 0, "validation Recall": 1.0, "validation Precision": 0.004375339664526588, "validation F1-score": 0.008712558924411673, "Discriminator Loss": 64.78108978271484, "Validation Loss": 22845.6328125, "Generator Loss": 4557.93212890625}
