{"_step": 0, "_timestamp": 1600923617.9313602, "_runtime": 4.280087471008301, "Learning Rate (Depth & EOT)": 0.01}
