{"_step": 0, "_runtime": 4.217261552810669, "Learning Rate (Depth & EOT)": 0.01, "_timestamp": 1601133356.3482823}
