{"_timestamp": 1600240707.2132607, "Learning Rate (Depth & flag)": 0.01, "_step": 7, "_runtime": 12.896174907684326, "Train Precision": 0.004192460122498444, "Train Recall": 1.0, "Train F1-score": 0.008349913565347858, "Train-#N accepted trajectory(Perfect flag without FN, FP)": 0, "graph_0": {"_type": "graph-file", "path": "media/graph/graph_0_summary_02a6c66b.graph.json", "sha256": "02a6c66b1773091105915514be101797ced5d619d44203be07b419e0989ddb17", "size": 3774}, "Validation Precision": 0.0042535953007899535, "Validation F1-score": 0.008471157724889067, "Validation-#N accepted trajectory(Perfect flag without FN, FP)": 0, "Validation Recall": 1.0, "Validation Loss": 3308.98095703125, "Train Loss": 3545.2099609375}
