{"_runtime": 4.458578586578369, "_step": 0, "Learning Rate (Depth & EOT)": 0.001, "_timestamp": 1599585566.2235212}
