{"Learning Rate (Depth & EOT)": 0.01, "_step": 0, "_runtime": 3.812640905380249, "_timestamp": 1599997441.3770523}
