{"_runtime": 5.461568832397461, "_timestamp": 1599584594.7197766, "_step": 0, "Learning Rate (Depth & EOT)": 0.001}
