{"_runtime": 4.640429973602295, "Learning Rate (Depth & EOT)": 0.001, "_step": 0, "_timestamp": 1599579295.1725342}
