{"_step": 0, "_timestamp": 1600065908.5359566, "Learning Rate (Depth & EOT)": 0.01, "_runtime": 3.774380683898926}
