{"_step": 0, "_runtime": 5.572054624557495, "Learning Rate (Depth & EOT)": 0.001, "_timestamp": 1599582838.6310368}
