{"_runtime": 4.3432769775390625, "_step": 0, "Learning Rate (Depth & flag)": 0.01, "_timestamp": 1600237802.0396574}
