{"_timestamp": 1600678951.3877141, "_step": 6, "_runtime": 9.549094200134277, "Learning Rate (Depth & EOT)": 0.01, "Train Precision": 0.004477168191119117, "Train Recall": 1.0, "Train F1-score": 0.008914425002176374, "Train-#N accepted trajectory(Perfect EOT without FN, FP)": 0, "graph_0": {"_type": "graph-file", "path": "media/graph/graph_0_summary_23d1b06e.graph.json", "sha256": "23d1b06e27c95406ed09bc06c7dc5488f84445451f8f6fad4f16084a7f2805ad", "size": 3774}, "Validation-#N accepted trajectory(Perfect EOT without FN, FP)": 0, "Validation F1-score": 0.008827943383456435, "Validation Recall": 1.0, "Validation Precision": 0.004433541217154849, "Validation Loss": 938.571533203125, "Train Loss": 431.59783935546875}
