{"_runtime": 4.496244430541992, "_step": 0, "Learning Rate (Depth & flag)": 0.01, "_timestamp": 1600237729.3320656}
