{"_step": 0, "_timestamp": 1599582741.582802, "_runtime": 5.551794052124023, "Learning Rate (Depth & EOT)": 0.001}
