{"_step": 1, "_timestamp": 1598792832.035439, "_runtime": 4.761713027954102, "Learning Rate (Discriminator)": 0.001, "Learning Rate (Generator)": 0.001}
