{"_step": 0, "_timestamp": 1599585608.3863242, "_runtime": 4.57691502571106, "Learning Rate (Depth & EOT)": 0.001}
