{"_timestamp": 1601216247.1777124, "Learning Rate (Depth & EOT)": 0.01, "_step": 3, "_runtime": 7.423547267913818, "Train Recall": 1.0, "Train-#N accepted trajectory(Perfect EOT without FN, FP)": 0, "Train F1-score": 0.00868783194475082, "Train Precision": 0.0043628679039487365, "graph_0": {"_type": "graph-file", "path": "media/graph/graph_0_summary_973d523d.graph.json", "sha256": "973d523d6bbb90cedac6bd02d75ddcf3a9b5c6fb6e610b5edf04dc315ed846ba", "size": 3774}, "val Precision": 0.004327636555124707, "val F1-score": 0.008617977635204057, "val-#N accepted trajectory(Perfect EOT without FN, FP)": 0, "val Recall": 1.0, "Train Loss": 284.5421142578125, "Validation Loss": 273.4083251953125}
