{"Learning Rate (Depth & EOT)": 0.001, "_timestamp": 1599636496.7761211, "_runtime": 22.56628155708313, "_step": 1, "Train-#N accepted trajectory(Perfect EOT without FN, FP)": 0, "Train F1-score": 0.009314115601143631, "Train Precision": 0.004678847463650093, "Train Recall": 1.0, "graph_0": {"_type": "graph-file", "path": "media/graph/graph_0_summary_93bc3476.graph.json", "sha256": "93bc347679191325e475293407941a320432ba748268e06ef3fed514e91bfc62", "size": 3791}}
