{"_runtime": 3.840320348739624, "Learning Rate": 0.01, "_step": 0, "_timestamp": 1603286707.426237}
