{"_timestamp": 1605020571.266512, "Learning Rate": 0.01, "_runtime": 3.8128039836883545, "_step": 0}
