{"_step": 0, "_runtime": 4.302548170089722, "_timestamp": 1601134326.2434669, "Learning Rate (Depth & EOT)": 0.01}
