{"Learning Rate": 0.01, "_step": 0, "_timestamp": 1605017528.737563, "_runtime": 3.60261869430542}
