{"_step": 0, "_runtime": 3.224674940109253, "Learning Rate": 0.01, "_timestamp": 1604908480.7453556}
