{"_runtime": 4.486827850341797, "_step": 0, "_timestamp": 1600183984.8898451, "Learning Rate (Depth & EOT)": 0.01}
