{"_runtime": 4.773419380187988, "_timestamp": 1599585202.0160325, "Learning Rate (Depth & EOT)": 0.001, "_step": 0}
