{"_step": 7, "_runtime": 17.353159427642822, "Learning Rate": 0.01, "_timestamp": 1603285983.3076527, "graph_0": {"_type": "graph-file", "path": "media/graph/graph_0_summary_3f37e281.graph.json", "sha256": "3f37e2815669e1bead6411337a8c4723faaf4912f51b63c4e2fce7b14b541765", "size": 4150}, "Validation Loss": 152.06381225585938, "Train Loss": 157.0387420654297, "Epoch Validation Loss": 162.4406982421875, "Epoch Train Loss": 179.91720581054688}
