{"_runtime": 5.0907371044158936, "_timestamp": 1599645384.8029509, "_step": 0, "Learning Rate (Depth & EOT)": 0.001}
