{"_timestamp": 1601120608.6210299, "_step": 0, "_runtime": 4.319508075714111, "Learning Rate (Depth & EOT)": 0.01}
