{"_runtime": 6.9835546016693115, "Learning Rate (Depth & EOT)": 0.01, "_step": 3, "_timestamp": 1601124515.6301415, "Train F1-score": 0.008709853021230268, "Train-#N accepted trajectory(Perfect EOT without FN, FP)": 0, "Train Recall": 1.0, "Train Precision": 0.004373974849644614, "graph_0": {"_type": "graph-file", "path": "media/graph/graph_0_summary_730d592e.graph.json", "sha256": "730d592ea9204825134dcb7cb8e0f8d5bb60cde78989de0477312387e162cbaf", "size": 3774}, "Validation F1-score": 0.008491125122654982, "Validation Precision": 0.0042636642144906044, "Validation Recall": 1.0, "Validation-#N accepted trajectory(Perfect EOT without FN, FP)": 0, "Train Loss": 8271.9189453125, "Validation Loss": 23424.02734375}
