{"_runtime": 4.6380815505981445, "_step": 1, "_timestamp": 1598787844.1820643, "Learning Rate (Discriminator)": 0.001, "Learning Rate (Generator)": 0.001}
