{"_step": 3, "Learning Rate (Depth & EOT)": 0.01, "_timestamp": 1601207449.4225495, "_runtime": 7.386212348937988, "Train Recall": 1.0, "Train Precision": 0.004278718390132206, "Train F1-score": 0.008520977915356068, "Train-#N accepted trajectory(Perfect EOT without FN, FP)": 0, "graph_0": {"_type": "graph-file", "path": "media/graph/graph_0_summary_b979b812.graph.json", "sha256": "b979b8129f6b49c03ffb2fd7394640bc9e93b76fe0df0225f46c8abb797f4261", "size": 3774}, "val-#N accepted trajectory(Perfect EOT without FN, FP)": 0, "val F1-score": 0.008357613862904461, "val Recall": 1.0, "val Precision": 0.004196342637151107, "Validation Loss": 33843.09375, "Train Loss": 9077.470703125}
