{"Learning Rate": 0.01, "_runtime": 3.6818671226501465, "_step": 0, "_timestamp": 1603905128.0439749}
