{"Learning Rate (Depth & EOT)": 0.01, "_timestamp": 1600680000.0308845, "_step": 1, "_runtime": 5.862611532211304, "Train Precision": NaN, "Train Recall": 0.0, "Train F1-score": NaN, "Train-#N accepted trajectory(Perfect EOT without FN, FP)": 0, "graph_0": {"_type": "graph-file", "path": "media/graph/graph_0_summary_32c52951.graph.json", "sha256": "32c5295113364f429453f6748ed67188172e69239cf45f9aa98c77a419ba5e1d", "size": 3774}}
