{"_runtime": 5.094482898712158, "_timestamp": 1600698946.1332948, "Learning Rate (Depth & EOT)": 0.01, "_step": 0}
