{"_step": 0, "_runtime": 5.146482229232788, "_timestamp": 1599642916.2445376, "Learning Rate (Depth & EOT)": 0.001}
