{"_step": 0, "Learning Rate (Depth & EOT)": 0.01, "_runtime": 4.36034083366394, "_timestamp": 1600923848.4828117}
