{"Learning Rate (Discriminator)": 0.001, "_step": 1, "_runtime": 4.6319050788879395, "_timestamp": 1598789999.4453652, "Learning Rate (Generator)": 0.001}
