{"_timestamp": 1600924242.2230062, "_runtime": 4.215917587280273, "_step": 0, "Learning Rate (Depth & EOT)": 0.01}
