{"Learning Rate": 0.01, "_step": 0, "_timestamp": 1603292188.6575003, "_runtime": 3.3896334171295166}
