{"_runtime": 5.410183906555176, "_timestamp": 1599585067.6168377, "Learning Rate (Depth & EOT)": 0.001, "_step": 0}
