{"_timestamp": 1601125148.158981, "Learning Rate (Depth & EOT)": 0.01, "_step": 0, "_runtime": 4.333435297012329}
