{"Learning Rate (Depth & EOT)": 0.01, "_runtime": 4.388328552246094, "_step": 0, "_timestamp": 1601133838.680439}
