{"_runtime": 3.225036144256592, "_timestamp": 1603291056.8643475, "Learning Rate": 0.01, "_step": 0}
