{"_step": 0, "Learning Rate": 0.005, "_timestamp": 1599985569.3757234, "_runtime": 4.132635831832886}
