{"_timestamp": 1601205737.6399584, "Learning Rate (Depth & EOT)": 0.01, "_runtime": 5.651965856552124, "_step": 1, "Train Recall": 0.0, "Train-#N accepted trajectory(Perfect EOT without FN, FP)": 0, "Train Precision": NaN, "Train F1-score": NaN, "graph_0": {"_type": "graph-file", "path": "media/graph/graph_0_summary_e854d375.graph.json", "sha256": "e854d375131e25907b66144b185f9be66012d0044b7ff9af034001d9cec912b5", "size": 3774}}
