{"_step": 0, "_timestamp": 1600171347.4488778, "_runtime": 4.621720314025879, "Learning Rate (Depth & EOT)": 0.01}
