{"_runtime": 148.58497595787048, "Learning Rate": 0.01, "_step": 88, "_timestamp": 1603906869.8347814, "graph_0": {"_type": "graph-file", "path": "media/graph/graph_0_summary_d9c2ad08.graph.json", "sha256": "d9c2ad080dcd71a702d6f45c928cde4de332f5f858d56524a1a53d6654d4282a", "size": 4136}, "Train Loss": 2300.133544921875, "Validation Loss": 19067.130859375, "Epoch Validation Loss": 1037105391476.423, "Epoch Train Loss": 283611141.1879517}
