{"_step": 0, "Learning Rate": 0.01, "_timestamp": 1604306166.3662117, "_runtime": 4.128197431564331}
