{"_runtime": 5.196234703063965, "_timestamp": 1599585021.7091322, "_step": 0, "Learning Rate (Depth & EOT)": 0.001}
