{"Learning Rate (Depth & EOT)": 0.01, "_runtime": 4.305111885070801, "_timestamp": 1601130279.780544, "_step": 0}
