{"_timestamp": 1603086342.3911498, "Learning Rate": 0.01, "_step": 0, "_runtime": 4.029693603515625}
