{"_step": 0, "_runtime": 4.285045385360718, "_timestamp": 1601133430.9137676, "Learning Rate (Depth & EOT)": 0.01}
