{"_step": 0, "_timestamp": 1603291687.3189166, "_runtime": 3.393308162689209, "Learning Rate": 0.01}
