{"_timestamp": 1603278027.1138954, "_runtime": 3.182624578475952, "Learning Rate": 0.01, "_step": 0}
