{"_timestamp": 1599582907.406218, "Learning Rate (Depth & EOT)": 0.001, "_runtime": 5.283824443817139, "_step": 0}
