{"Learning Rate": 0.01, "_timestamp": 1603285276.3757324, "_runtime": 17.492233753204346, "_step": 7, "graph_0": {"_type": "graph-file", "path": "media/graph/graph_0_summary_1bafac7c.graph.json", "sha256": "1bafac7ce886c29e57f3296b648788ab5adab15c8cba28cf24a5b63c5f861773", "size": 4150}, "Validation Loss": 610.0028076171875, "Train Loss": 716.1614990234375, "Epoch Train Loss": 4153.611047363282, "Epoch Validation Loss": 2692.6324829101563}
