{"Learning Rate": 0.01, "_timestamp": 1604908102.6518285, "_step": 0, "_runtime": 3.426729202270508}
