{"Learning Rate (Depth & EOT)": 0.01, "_step": 1, "_timestamp": 1600929227.1967845, "_runtime": 5.323894739151001, "Train-#N accepted trajectory(Perfect EOT without FN, FP)": 0, "Train Precision": NaN, "Train Recall": 0.0, "Train F1-score": NaN, "graph_0": {"_type": "graph-file", "path": "media/graph/graph_0_summary_05e1982a.graph.json", "sha256": "05e1982a1d4681cd56c906298026439e8570d9f32b4e8a4182fa1ad765698353", "size": 3774}}
