{"_runtime": 4.687617063522339, "Learning Rate (Depth & EOT)": 0.01, "_step": 0, "_timestamp": 1600168497.2559369}
