{"_timestamp": 1603905675.256123, "_runtime": 3.6704232692718506, "Learning Rate": 0.01, "_step": 0}
