{"Learning Rate (Depth & EOT)": 0.01, "_timestamp": 1600923905.792937, "_runtime": 4.115402460098267, "_step": 0}
