{"Learning Rate": 0.01, "_timestamp": 1605007207.0873876, "_step": 0, "_runtime": 3.49481463432312}
