{"_timestamp": 1599630856.4887037, "_runtime": 5.016141414642334, "Learning Rate (Depth & EOT)": 0.001, "_step": 0}
