{"_runtime": 7.1325037479400635, "_timestamp": 1600174706.2071545, "_step": 1, "Learning Rate (Depth & EOT)": 0.01, "Train-#N accepted trajectory(Perfect EOT without FN, FP)": 0, "Train Recall": 0.0, "Train Precision": NaN, "Train F1-score": NaN, "graph_0": {"_type": "graph-file", "path": "media/graph/graph_0_summary_c5e97347.graph.json", "sha256": "c5e97347808d46867343242ee34e972a20f81b9b16a1cfe5d4c9a3905c7b08c2", "size": 3774}}
