{"_runtime": 5.237589359283447, "Learning Rate (Depth & EOT)": 0.001, "_timestamp": 1599582307.1984613, "_step": 0}
