{"Learning Rate (Depth & flag)": 0.01, "_step": 0, "_runtime": 4.287232875823975, "_timestamp": 1600237770.9914217}
