{"_timestamp": 1601128316.359793, "_step": 0, "_runtime": 4.2648797035217285, "Learning Rate (Depth & EOT)": 0.01}
