{"_runtime": 3.69791579246521, "_step": 0, "_timestamp": 1603905738.5833254, "Learning Rate": 0.01}
