{"_timestamp": 1599586059.007612, "Learning Rate (Depth & EOT)": 0.001, "_runtime": 4.549216032028198, "_step": 0}
