{"Learning Rate": 0.01, "_step": 0, "_timestamp": 1603275472.1834147, "_runtime": 3.1134231090545654}
