{"_timestamp": 1599637631.716376, "Learning Rate (Depth & EOT)": 0.001, "_runtime": 5.035617351531982, "_step": 0}
