{"_runtime": 4.584559440612793, "_step": 0, "_timestamp": 1602433546.5662513, "Learning Rate": 0.003}
