{"_runtime": 4.228201866149902, "_timestamp": 1601128557.9340692, "Learning Rate (Depth & EOT)": 0.01, "_step": 0}
