{"_timestamp": 1603284233.1953375, "_step": 8, "_runtime": 19.6175856590271, "Learning Rate": 0.01, "graph_0": {"_type": "graph-file", "path": "media/graph/graph_0_summary_47e6ea5c.graph.json", "sha256": "47e6ea5c1f69c48913d2a0e12382b90d39e7935c5b8d7d0c4030d45ac06138bb", "size": 4150}, "Train Loss": 5501.4443359375, "Validation Loss": 11259.7607421875, "Epoch Train Loss": 12453.82625732422, "Epoch Validation Loss": 9502.69921875}
