{"_timestamp": 1599641618.3846428, "_step": 0, "_runtime": 5.467637062072754, "Learning Rate (Depth & EOT)": 0.001}
