{"Learning Rate": 0.003, "_runtime": 18.380828380584717, "_step": 13, "_timestamp": 1603293882.425955, "graph_0": {"_type": "graph-file", "path": "media/graph/graph_0_summary_9e272b61.graph.json", "sha256": "9e272b61789ce828cdbc35da58f17640d750c2e1b0de610e2de40578e2d1c656", "size": 3999}, "Validation Loss": 44542.90625, "Train Loss": 43946.5234375, "Epoch Validation Loss": 57483.203125, "Epoch Train Loss": 54652.42734375}
