{"_runtime": 4.3923234939575195, "Learning Rate (Depth & EOT)": 0.01, "_timestamp": 1601132388.951879, "_step": 0}
