{"_timestamp": 1599585139.063304, "Learning Rate (Depth & EOT)": 0.001, "_step": 0, "_runtime": 4.660686016082764}
