{"_runtime": 9.247552633285522, "Learning Rate (Discriminator)": 0.001, "_timestamp": 1598793572.7028303, "_step": 5, "Learning Rate (Generator)": 0.001, "Train Precision": 0.00445504063484329, "Train-#N accepted trajectory(Perfect EOT without FN, FP)": 0, "Train F1-score": 0.008870562553058783, "Train Recall": 1.0, "graph_0": {"_type": "graph-file", "path": "media/graph/graph_0_summary_0def307b.graph.json", "sha256": "0def307be0dfbd8cb2f35ee26c9fdcfc7dcc95238667c367912bcd54b615ea7d", "size": 3866}, "Validation Precision": 0.004285020520487159, "Validation Recall": 1.0, "Validation-#N accepted trajectory(Perfect EOT without FN, FP)": 0, "Validation F1-score": 0.008533474925806176, "Discriminator Loss": 0.816572368144989, "Generator Loss": 5522.771484375, "Validation Loss": 31406.708984375}
