{"_runtime": 3.667747735977173, "Learning Rate": 0.01, "_timestamp": 1605017556.9944391, "_step": 0}
