{"_timestamp": 1604987479.0660381, "_runtime": 3.630641460418701, "_step": 0, "Learning Rate": 0.01}
