{"_timestamp": 1599998570.7669613, "Learning Rate (Depth & EOT)": 0.01, "_step": 0, "_runtime": 3.817502737045288}
