{"_timestamp": 1600168877.8129697, "_step": 0, "_runtime": 4.645730257034302, "Learning Rate (Depth & EOT)": 0.01}
