{"_step": 0, "Learning Rate (Depth & EOT)": 0.01, "_timestamp": 1601198266.684029, "_runtime": 4.351328372955322}
