{"_step": 0, "Learning Rate": 0.01, "_runtime": 3.473200798034668, "_timestamp": 1603291971.8530805}
