{"Learning Rate (Depth & EOT)": 0.01, "_step": 3, "_runtime": 7.501522779464722, "_timestamp": 1601207734.2163923, "Train Precision": 0.004284877395597958, "Train-#N accepted trajectory(Perfect EOT without FN, FP)": 0, "Train F1-score": 0.008533191113481444, "Train Recall": 1.0, "graph_0": {"_type": "graph-file", "path": "media/graph/graph_0_summary_2255eb89.graph.json", "sha256": "2255eb8967440e0f0684817cf21e7e9db22c3d97302c6fd761987e1675b7e161", "size": 3774}, "val-#N accepted trajectory(Perfect EOT without FN, FP)": 0, "val Precision": 0.004357575816923062, "val Recall": 1.0, "val F1-score": 0.00867733946921982, "Train Loss": 11355.873046875, "Validation Loss": 20861.45703125}
