{"_runtime": 7.0730814933776855, "_timestamp": 1601122135.4520154, "Learning Rate (Depth & EOT)": 0.01, "_step": 3, "Train Precision": 0.004414325866914972, "Train F1-score": 0.008789850469535957, "Train-#N accepted trajectory(Perfect EOT without FN, FP)": 0, "Train Recall": 1.0, "graph_0": {"_type": "graph-file", "path": "media/graph/graph_0_summary_bf61e7df.graph.json", "sha256": "bf61e7df6b047e6d2464a007479b02ba19535cc7edb98e9e615608af63bb644b", "size": 3774}, "Validation Recall": 1.0, "Validation F1-score": 0.008551231377318334, "Validation-#N accepted trajectory(Perfect EOT without FN, FP)": 0, "Validation Precision": 0.004293975075860226, "Validation Loss": 60142.2890625, "Train Loss": 14889.65234375}
