{"_timestamp": 1600925515.3322167, "_step": 1, "Learning Rate (Depth & EOT)": 0.01, "_runtime": 5.2629923820495605, "Train-#N accepted trajectory(Perfect EOT without FN, FP)": 0, "Train Recall": 1.0, "Train F1-score": 0.008495246312366225, "Train Precision": 0.004265742422475131, "graph_0": {"_type": "graph-file", "path": "media/graph/graph_0_summary_b658245f.graph.json", "sha256": "b658245f2c334c20972e1435be0c96e6c7def719d32a6388bdbfaecc50de0048", "size": 3774}}
