{"_runtime": 4.333291292190552, "_timestamp": 1601133499.9569802, "_step": 0, "Learning Rate (Depth & EOT)": 0.01}
