{"_timestamp": 1600929261.770629, "Learning Rate (Depth & EOT)": 0.01, "_step": 1, "_runtime": 5.081146478652954, "Train Recall": 0.0, "Train F1-score": NaN, "Train Precision": NaN, "Train-#N accepted trajectory(Perfect EOT without FN, FP)": 0, "graph_0": {"_type": "graph-file", "path": "media/graph/graph_0_summary_a32914b8.graph.json", "sha256": "a32914b82423983133e0a0d924e2f8a1f3802eb06e4ae72643b8b98629c8900e", "size": 3774}}
