{"_step": 0, "_runtime": 4.73408579826355, "_timestamp": 1600171172.1428175, "Learning Rate (Depth & EOT)": 0.01}
