{"_timestamp": 1599586511.7862916, "_step": 0, "Learning Rate (Depth & EOT)": 0.001, "_runtime": 4.641461133956909}
