{"_step": 0, "_timestamp": 1605007265.457441, "Learning Rate": 0.01, "_runtime": 3.4458436965942383}
