{"Learning Rate (Depth & EOT)": 0.01, "_runtime": 11.517489433288574, "_step": 9, "_timestamp": 1600680120.4783967, "Train Recall": 1.0, "Train Precision": 0.00447568096786601, "Train F1-score": 0.008911477007693111, "Train-#N accepted trajectory(Perfect EOT without FN, FP)": 0, "graph_0": {"_type": "graph-file", "path": "media/graph/graph_0_summary_8625aa41.graph.json", "sha256": "8625aa41971e82af828e5a4eca49143fc7ef844766743c67508da8225898a391", "size": 3774}, "Validation Precision": 0.004489475723750744, "Validation F1-score": 0.008938820828393458, "Validation-#N accepted trajectory(Perfect EOT without FN, FP)": 0, "Validation Recall": 1.0, "Validation Loss": 80882.890625, "Train Loss": 17444.439453125}
