{"Learning Rate (Depth & flag)": 0.01, "_timestamp": 1600240333.014859, "_step": 0, "_runtime": 4.319937229156494}
