{"_runtime": 4.231557369232178, "_timestamp": 1603092391.0173287, "Learning Rate": 0.01, "_step": 0}
