{"_step": 1, "_runtime": 5.968447923660278, "Learning Rate (Depth & EOT)": 0.01, "_timestamp": 1601213419.9329882, "Train Precision": 0.00419486456814197, "Train F1-score": 0.00835468237521009, "Train-#N accepted trajectory(Perfect EOT without FN, FP)": 0, "Train Recall": 1.0, "graph_0": {"_type": "graph-file", "path": "media/graph/graph_0_summary_3975ca94.graph.json", "sha256": "3975ca9427480745e25d48213997c941d76c10fe0f42156eaef6b065b39dea55", "size": 3774}}
