{"_step": 0, "_timestamp": 1600751980.338236, "_runtime": 5.684401750564575, "Learning Rate (Depth & EOT)": 0.01}
