{"_step": 0, "Learning Rate": 0.003, "_timestamp": 1603300211.7862563, "_runtime": 3.327436685562134}
