{"_step": 0, "_runtime": 5.0528013706207275, "Learning Rate (Depth & EOT)": 0.001, "_timestamp": 1599645032.8378518}
