{"Learning Rate (Depth & EOT)": 0.001, "_timestamp": 1599582957.3080032, "_runtime": 5.581449270248413, "_step": 0}
