{"_runtime": 4.24213433265686, "_timestamp": 1600239791.5156636, "Learning Rate (Depth & flag)": 0.01, "_step": 0}
