{"_timestamp": 1599642942.014757, "_runtime": 5.028283357620239, "Learning Rate (Depth & EOT)": 0.001, "_step": 0}
