{"_runtime": 3.047299385070801, "Learning Rate": 0.01, "_timestamp": 1603284241.4375088, "_step": 0}
