{"_step": 0, "_timestamp": 1600922327.7535582, "Learning Rate (Depth & EOT)": 0.01, "_runtime": 4.771697521209717}
