{"_timestamp": 1599586645.8384957, "_step": 4, "Learning Rate (Depth & EOT)": 0.001, "_runtime": 25.6479389667511, "Train Recall": 1.0, "Train Precision": 0.004326999477854208, "Train F1-score": 0.008616714436839392, "Train-#N accepted trajectory(Perfect EOT without FN, FP)": 0, "graph_0": {"_type": "graph-file", "path": "media/graph/graph_0_summary_dfe22b9f.graph.json", "sha256": "dfe22b9f69f33c0d14b32ea6666087d4191c7f82cfd299efcc7179c4d2a387f8", "size": 3791}, "Validation Precision": 0.00443576668625481, "Validation Recall": 1.0, "Validation F1-score": 0.008832355105969388, "Validation-#N accepted trajectory(Perfect EOT without FN, FP)": 0, "Validation Loss": 2147962.25, "Train Loss": 32688.193359375}
