{"_runtime": 3.3555307388305664, "Learning Rate": 0.01, "_step": 0, "_timestamp": 1605006817.9670327}
