{"_runtime": 4.855187177658081, "_timestamp": 1600149369.009254, "Learning Rate (Depth & EOT)": 0.01, "_step": 0}
