{"_runtime": 5.361512660980225, "_step": 0, "_timestamp": 1599582884.1773329, "Learning Rate (Depth & EOT)": 0.001}
