{"_step": 0, "_runtime": 4.0411577224731445, "Learning Rate": 0.01, "_timestamp": 1604306275.7473655}
