{"Learning Rate": 0.01, "_runtime": 3.9833626747131348, "_step": 0, "_timestamp": 1604306309.365337}
