{"_runtime": 3.526935577392578, "_timestamp": 1603291776.4264762, "_step": 0, "Learning Rate": 0.01}
