{"_runtime": 3.3196144104003906, "_step": 0, "_timestamp": 1605004448.7092173, "Learning Rate": 0.01}
