{"Learning Rate (Depth & EOT)": 0.01, "_step": 0, "_runtime": 4.319480657577515, "_timestamp": 1601120847.0843382}
