{"_runtime": 89.510915517807, "_step": 51, "Learning Rate": 0.01, "_timestamp": 1605005736.9012554, "graph_0": {"_type": "graph-file", "path": "media/graph/graph_0_summary_2557bb17.graph.json", "sha256": "2557bb17aaebd7accbd617ca6a1118921bf0f0b4ce306e388c705c9391191102", "size": 4136}, "Validation Loss": 12.91185474395752, "Train Loss": 12.517667770385742, "Epoch Train Loss": 67.40948610305786, "Epoch Validation Loss": 77.05347276687623}
