{"_step": 0, "_runtime": 4.397800922393799, "Learning Rate (Depth & EOT)": 0.01, "_timestamp": 1601132706.5170817}
