{"Learning Rate (Depth & EOT)": 0.01, "_timestamp": 1600061798.7285967, "_runtime": 16.0270893573761, "_step": 7, "Train Precision": 0.004216073781291172, "Train F1-score": 0.00839674626082393, "Train-#N accepted trajectory(Perfect EOT without FN, FP)": 0, "Train Recall": 1.0, "graph_0": {"_type": "graph-file", "path": "media/graph/graph_0_summary_69d51b88.graph.json", "sha256": "69d51b88b854b4af912c3ecb8f77378230272c0bec97941a1340652e4175211a", "size": 3774}, "Validation-#N accepted trajectory(Perfect EOT without FN, FP)": 0, "Validation F1-score": 0.0089262321001039, "Validation Recall": 1.0, "Validation Precision": 0.004483124756105308, "Train Loss": 412.05462646484375, "Validation Loss": 10515.78515625}
