{"_step": 56, "_runtime": 118.18840527534485, "_timestamp": 1603277696.2120159, "Learning Rate": 0.01, "graph_0": {"_type": "graph-file", "path": "media/graph/graph_0_summary_6c5ea333.graph.json", "sha256": "6c5ea33341a093d7055d771ca1b6638b2dedfb02285611cc12da887c5464c276", "size": 4150}, "Validation Loss": 21.502492904663086, "Train Loss": 17.92677879333496, "Epoch Validation Loss": 30.444873428344728, "Epoch Train Loss": 39.819380569458005}
