{"_timestamp": 1600241566.5057273, "_runtime": 4.278807163238525, "Learning Rate (Depth & flag)": 0.01, "_step": 0}
