{"Learning Rate (Depth & EOT)": 0.01, "_step": 0, "_timestamp": 1600168102.619204, "_runtime": 4.592571496963501}
