{"Learning Rate (Depth & flag)": 0.01, "_timestamp": 1600241087.6312745, "_step": 5, "_runtime": 10.770859718322754, "Train F1-score": 0.00853006347566766, "Train Recall": 1.0, "Train-#N accepted trajectory(Perfect flag without FN, FP)": 0, "Train Precision": 0.0042833001489116064, "graph_0": {"_type": "graph-file", "path": "media/graph/graph_0_summary_788de42c.graph.json", "sha256": "788de42ca47c3207ea666b79e733edc8ca502705a9e9759fb394a500ad7a05ea", "size": 3774}, "Validation F1-score": 0.008729989740810282, "Validation-#N accepted trajectory(Perfect flag without FN, FP)": 0, "Validation Recall": 1.0, "Validation Precision": 0.004384131582272944, "Train Loss": 10245.544921875, "Validation Loss": 8430.8828125}
