{"_runtime": 4.598714113235474, "_step": 0, "Learning Rate (Depth & EOT)": 0.01, "_timestamp": 1600184276.0161285}
