{"_runtime": 4.5629143714904785, "_step": 1, "Learning Rate (Discriminator)": 0.001, "_timestamp": 1598790030.3134706, "Learning Rate (Generator)": 0.001}
