{"_runtime": 4.649785280227661, "_step": 1, "Learning Rate (Discriminator)": 0.001, "_timestamp": 1598789888.6732461, "Learning Rate (Generator)": 0.001}
