{"Learning Rate (Depth & EOT)": 0.01, "_step": 1, "_timestamp": 1600175416.0796192, "_runtime": 7.446994781494141, "Train Precision": 0.004243680066307501, "Train Recall": 1.0, "Train-#N accepted trajectory(Perfect EOT without FN, FP)": 0, "Train F1-score": 0.008451494693055579}
