{"_runtime": 4.472455978393555, "Learning Rate (Depth & EOT)": 0.01, "_timestamp": 1601132326.402426, "_step": 0}
