{"_runtime": 4.564974546432495, "_timestamp": 1598789711.8173618, "_step": 1, "Learning Rate (Discriminator)": 0.001, "Learning Rate (Generator)": 0.001}
