{"Learning Rate (Depth & EOT)": 0.01, "_timestamp": 1599998526.1293292, "_step": 0, "_runtime": 3.8343091011047363}
