{"_runtime": 34.54509520530701, "Learning Rate (Depth & EOT)": 0.01, "_timestamp": 1599991802.537814, "_step": 47, "Train-#N accepted trajectory(Perfect EOT without FN, FP)": 0, "Train Recall": 0.7421875, "Train F1-score": 0.29275808936825887, "Train Precision": 0.18234165067178504, "graph_0": {"_type": "graph-file", "path": "media/graph/graph_0_summary_6555b998.graph.json", "sha256": "6555b998bf9dd1a35c3cc1aa0ab254485f7e477168946ccbe30b9edf54b03c1c", "size": 3774}, "Validation Recall": 0.5920177383592018, "Validation F1-score": 0.1555490824351879, "Validation-#N accepted trajectory(Perfect EOT without FN, FP)": 2, "Validation Precision": 0.08953722334004025, "Validation Loss": 88.387939453125, "Train Loss": 178.77102661132812, "Epoch Train Loss": 1632.6702494303386, "Epoch Validation Loss": 544.8369547526041}
