{"Learning Rate (Discriminator)": 0.001, "_timestamp": 1598791074.9970884, "_runtime": 5.444232225418091, "_step": 2, "Learning Rate (Generator)": 0.001, "Train Precision": 0.0043952270581165765, "Train-#N accepted trajectory(Perfect EOT without FN, FP)": 0, "Train F1-score": 0.00875198714551888, "Train Recall": 1.0, "graph_0": {"_type": "graph-file", "path": "media/graph/graph_0_summary_2a70062d.graph.json", "sha256": "2a70062d5bb013f1ed4dc1c827a41b9ae534d5a79b781eb43e55e4002ef4bf41", "size": 3866}}
