{"_runtime": 4.297953367233276, "_timestamp": 1600240084.246716, "Learning Rate (Depth & flag)": 0.01, "_step": 0}
