{"_step": 0, "_runtime": 4.153003215789795, "Learning Rate": 0.01, "_timestamp": 1604306144.285831}
