{"_step": 0, "_timestamp": 1600237667.7742438, "Learning Rate (Depth & flag)": 0.01, "_runtime": 4.2430713176727295}
