{"_timestamp": 1600924263.1085014, "_step": 0, "Learning Rate (Depth & EOT)": 0.01, "_runtime": 4.42880654335022}
