{"_runtime": 7.481656074523926, "_step": 3, "_timestamp": 1601207271.4973333, "Learning Rate (Depth & EOT)": 0.01, "Train F1-score": 0.008629698297657171, "Train-#N accepted trajectory(Perfect EOT without FN, FP)": 0, "Train Precision": 0.0043335477536648945, "Train Recall": 1.0, "graph_0": {"_type": "graph-file", "path": "media/graph/graph_0_summary_e4850a9c.graph.json", "sha256": "e4850a9c38939ef4075b60b07ecac4830e5527ab02b80caa3b95d8989ea5270f", "size": 3774}, "val-#N accepted trajectory(Perfect EOT without FN, FP)": 0, "val Precision": 0.004311419547872341, "val Recall": 1.0, "val F1-score": 0.008585822014875195, "Train Loss": 10834.43359375, "Validation Loss": 22948.42578125}
