{"Learning Rate (Depth & EOT)": 0.01, "_runtime": 4.423837184906006, "_step": 0, "_timestamp": 1601132699.0417204}
