{"_step": 0, "Learning Rate (Depth & EOT)": 0.01, "_timestamp": 1601127435.5949035, "_runtime": 4.267753839492798}
